abdīcō,abdīcere,abdīxī,abdictum,III,,"oppose, refuse, forbid","Pres. Act. Imperatives abdīc, abdīcite"
abeō,abīre,abīvī,abītum,Irregular,Active Only,go away,Alternative third part abiī
abhibeō,abhibēre,abhibuī,abhibitum,II,,keep at a distance,
abiciō,abicere,abiēcī,abiectum,III,,"throw away, give up",
abiūrō,abiūrāre,abiūrāvī,abiūrātum,I,,"deny on oath, swear off",
ablūdō,ablūdere,ablūsī,ablūsum,III,,"be unlike, differ from",
abnegō,abnegāre,abnegāvī,abnegātum,I,,"refuse, decline",
abripiō,abripere,abripuī,abreptum,III-i,,"snatch away, carry off",
abrogō,abrogāre,abrogāvī,abrogātum,I,,"abolish, deprive (of)",
abscīdō,abscīdere,abscīdī,abscīsum,III,,"cut off, amputate",
absolvō,absolvere,absolvī,absolūtum,III,,"release, absolve, acquit",
absum,abesse,āfuī,āfutūrus,Irregular,Active Only,"be away, be absent",
abūtor,abūtī,abūsus sum,,III,Deponent,"use up, waste, misuse",w/ Ablative
accēdō,accēdere,accessī,accessum,III,,"go toward, advance",
accidō,accidere,accidī,,III,Active Only,"fall down, happen (to)",
accīdō,accīdere,accīdī,accīsum,III,,"cut down, destroy",
accipiō,accipere,accēpī,acceptum,III-i,,"receive, accept",
acclāmō,acclāmāre,acclāmāvī,acclāmātum,I,,shout at,
accurrō,accurrere,accurrī,accursum,III,,run toward,
accūsō,accūsāre,accūsāvī,accūsātum,I,,"accuse, blame, charge with a crime",
acquīrō,acquīrere,acquīsīvī,acquīsītum,III,,"acquire, obtain",
addīcō,addīcere,addīxī,addictum,III,,speak in favor,"Pres. Act. Imperatives addīc, addīcite"
addō,addere,addidī,additum,III,,"add, give toward",
addūcō,addūcere,addūxī,adductum,III,,lead toward,
adeō,adīre,adīvī,adītum,Irregular,Active Only,"go toward, approach",Alternative third part adiī
adhibeō,adhibēre,adhibuī,adhibitum,II,,"extend, hold out",
adhortor,adhortārī,adhortātus sum,,I,Deponent,encourage toward a purpose,
adiaceō,adiacēre,adiacuī,adiacitum,II,,lie next to,
adiciō,adicere,adiēcī,adiectum,III,,throw toward,
adiungō,adiungere,adiunxī,adiunctum,III,,"join to, append",
adiūrō,adiūrāre,adiūrāvī,adiūrātum,I,,swear to,
adiuvō,adiuvāre,adiūvī,adiūtum,I,,"help, lend assistance",
admittō,admittere,admīsī,admīssum,III,,"send toward, admit, let in",
admoveō,admovēre,admōvī,admōtum,II,,move toward,
adōrō,adōrāre,adōrāvī,adōrātum,I,,"worship, pray to, adore",
adsum,adesse,adfuī,adfutūrus,Irregular,Active Only,"be near, be present",
adulor,adulārī,adulātus sum,,I,Deponent,"flatter, fawn over",
advehō,advehere,advexī,advectum,III,,bring to,
adveniō,advenīre,advēnī,adventum,IV,,"arrive, approach, come toward",
advertō,advertere,advertī,adversum,III,,turn toward,
advocō,advocāre,advocāvī,advocātum,I,,"call to, invite, summon",
advolō,advolāre,advolāvī,advolātum,I,,fly toward,
advolvō,advolvere,advolvī,advolūtum,III,,roll toward,
aedificō,aedificāre,aedificāvī,aedificātum,I,,build,
afferō,afferre,attulī,allātum,Irregular,,"bring to, carry to",
afficiō,afficere,affēcī,affectum,III-i,,"affect, treat, handle",
aggerō,aggerere,aggessī,aggestum,III,,"bring to, bear",
aggredior,aggredī,aggressus sum,,III-i,Deponent,"step toward, advance, approach",
aggregō,aggregāre,aggregāvī,aggregātum,I,,"crowd together, adhere to",
agitō,agitāre,agitāvī,agitātum,I,,"disturb, drive continually",
agnōscō,agnōscere,agnōvī,agnitum,III,,"recognize, perceive, become acquainted (with)",
agō,agere,ēgī,actum,III,,"do, drive",
allegō,allegere,allēgī,allēctum,III,,"select, recruit",
allevō,allevāre,allevāvī,allevātum,I,,"lift, raise, alleviate",
allocō,allocāre,allocāvī,allocātum,I,,"hire, deploy, allocate",
alloquor,alloquī,allocūtus sum,,III,Deponent,"speak to, address",
allūdō,allūdere,allūsī,allūsum,III,,"frolic, jest",
ambulō,ambulāre,ambulāvī,ambulātum,I,,walk,
āmittō,āmittere,āmīsī,āmissum,III,,"lose, send away",
amō,amāre,amāvī,amātum,I,,love,
āmoveō,āmovēre,āmōvī,āmōtum,II,,move aaway,
annūntiō,annūntiāre,annūntiāvī,annūntiātum,I,,"announce, report",
anteveniō,antevenīre,antevēnī,anteventum,IV,,"come before, anticipate",
antevolō,antevolāre,antevolāvī,,I,Active Only,fly before,
aperiō,aperīre,aperuī,apertum,IV,,open,
appāreō,appārēre,appāruī,appāritum,II,Active Only,"appear, be visible, wait on, serve",
apparō,apparāre,apparāvī,apparātum,I,,"equip, prepare for",
apparō,apparāre,apparāvī,apparātum,I,,"prepare for a purpose, equip",
appellō,appellāre,appellāvī,appellātum,I,,"call, name",
appellō,appellere,appulī,appulsum,III,,"drive toward, push forward",
appetō,appetere,appetīvī,appetītum,III,,"strive for, reach for",
appōnō,appōnere,apposuī,appositum,III,,"appoint, place near",
apportō,apportāre,apportāvī,apportātum,I,,carry toward,
apprecor,apprecārī,apprecātus sum,,I,Deponent,"pray to, beseech",
appropinquō,appropinquāre,appropinquāvī,appropinquātum,I,,"approach, draw near",
appugnō,appugnāre,appugnāvī,appugnātum,I,,"fight against, assault",
apputō,apputāre,apputāvī,apputātum,I,,"evaluate, compare",
arbitror,arbitrārī,arbitrātus sum,,I,Deponent,"think, consider, judge",
arcuō,arcuāre,arcuāvī,arcuātum,I,,"bend in an arc, curve",
ārdeō,ārdēre,ārsī,ārsum,II,,"burn, be on fire",
arrideō,arridēre,arrīsī,arrīsum,II,,"laugh at, smile at, favor",
arripiō,arripere,arripuī,arreptum,III-i,,"seize, snatch, appropriate",
arrogō,arrogāre,arrogāvī,arrogātum,I,,"claim for oneself, assume",
ascrībō,ascrībere,ascrīpsī,ascrīptum,III,,"state in writing, appoint",
aspectō,aspectāre,aspectāvī,aspectātum,I,,"look at, observe, regard",
aspergō,aspergere,aspersī,aspersum,III,,"scatter, strew, sprinkle",
aspīrō,aspīrāre,aspīrāvī,aspīrātum,I,,"breathe upon, aspire (to)",
assentiō,assentīre,assēnsī,assēnsum,IV,,"agree, approve",
assequor,assequī,assecūtus sum,,III,Deponent,"follow, pursue",
asservō,asservāre,asservāvī,asservātum,I,,"watch over, guard",
assideō,assidēre,assēdī,assessum,II,,sit near,
astituō,astituere,astituī,astitūtum,III,,"place, station, set up",
astō,astāre,astitī,,I,,stand near,
astruō,astruere,astrūxī,astrūctum,III,,"build next to, build upon",
attemptō,attemptāre,attemptāvī,attemptātum,I,,"try, strive for",
attestor,attestārī,attestātus sum,,I,Deponent,"bear witness to, corroborate",
attingō,attingere,attigī,attāctum,III,,"come in contact with, touch",
attrahō,attrahere,attrāxī,attractum,III,,"draw toward, attract",
audeō,audēre,ausus sum,,II,Semi-Deponent,"dare, be bold",
audiō,audīre,audīvī,audītum,IV,,"hear, listen to",
auferō,auferre,abstulī,ablātum,Irregular,,"carry away, steal",
aufugiō,aufugere,aufūgī,,III-i,Active Only,"flee, run away",
augeō,augēre,auxī,auctum,II,,"add to, increase",
āvertō,āvertere,āvertī,āversum,III,,"turn away, avoid",
āvocō,āvocāre,āvocāvī,āvocātum,I,,"call away, distract, divert",
bibō,bibere,bibī,bibitum,III,,"drink, imbibe",
blandior,blandīrī,blandītus sum,,IV,Deponent,"fallter, fawn, delude",
cadō,cadere,cecidī,cāsum,III,,"fall, happen",
caedō,caedere,cecīdī,caesum,III,,"cut, strike",
cantō,cantāre,cantāvī,cantātum,I,,"sing, chant",
capiō,capere,cēpī,captum,III-i,,"take, capture",
cēdō,cēdere,cessi,cessum,III,,"yield, go, move",
cēlō,cēlāre,cēlāvī,cēlātum,I,,"hide, conceal",
cēnō,cēnāre,cēnāvī,cēnātum,I,,dine,
cēnseō,cēnsēre,cēnsī,cēnsum,II,,count,
circumiaceō,circumiacēre,circumiacuī,circumiacitum,II,,"lie around, border on",
circumscrībō,circumscrībere,circumscrīpsī,circumscrīptum,III,,"draw a line around, enclose",
circumsedeō,circumsedēre,circumsēdī,circumsessum,II,,"sit around, besiege",
circumspectō,circumspectāre,circumspectāvī,circumspectātum,I,,look around,
circumstō,circumstāre,circumstitī,,I,,"stand around, surround",
circumveniō,circumvenīre,circumvēnī,circumventum,IV,,"surround, circumvent",
circumvolvō,circumvolvere,circumvolvī,circumvolūtum,III,,"roll around, revolve",
clāmō,clāmāre,clāmāvī,clāmātum,I,,"shout, cry out",
clārō,clārāre,clārāvī,clārātum,I,,"make clear, clarify",
claudō,claudere,clausī,clausum,III,,"close, shut",
coeō,coīre,coīvī,coītum,Irregular,Active Only,"assemble, unite, go together",
cōgitō,cōgitāre,cōgitāvī,cōgitātum,I,,"think, ponder",
cognōscō,cognoscere,cognōvī,cognitum,III,,"recognize, learn",
cōgō,cōgere,coēgī,coāctum,III,,"force, compel",
cohortor,cohortārī,cohortātus sum,,I,Deponent,encourage,
collābōrō,collābōrāre,collābōrāvī,collābōrātum,I,,work together,
colligō,colligere,collēgī,collēctum,III,,"gather, bring together",
collocō,collocāre,collocāvī,collocātum,I,,"place together, assemble, set in order",
collūdō,collūdere,collūsī,collūsum,III,,play together,
commaneō,commanēre,commānsī,commānsum,II,,"stay together, stay in one place",
committō,committere,commīsī,commissum,III,,"connect, put together",
commoveō,commovēre,commōvī,commōtum,II,,"move abruptly or profoundly, shake",
commūtō,commūtāre,commūtāvī,commūtātum,I,,"change entirely, transform",
compāreō,compārēre,compāruī,compāritum,II,Active Only,"be apparent, exist",
compellõ,compellere,compulī,compulsum,III,,"push together, compel, urge",
competō,competere,competīvī,competītum,III,,"meet, cooincide",
compleō,complēre,complēvī,complētum,II,,"fill up, complete",
compōnō,compōnere,composuī,compositum,III,,"arrange, organize, put together",
comportō,comportāre,comportāvī,comportātum,I,,"carry, convey, amass",
compugnō,compugnāre,compugnāvī,compugnātum,I,,"fight with, fight alongside",
computō,computāre,computāvī,computātum,I,,"calculate, reckon",
cōncēdō,cōncēdere,cōncessī,cōncessum,III,,"depart, relinquish",
concidō,concidere,concidī,,III,Active Only,"fall down together, collapse",
concīdō,concīdere,concīdī,concīsum,III,,"cut up, cut to pieces",
concipiō,concipere,concēpī,conceptum,III-i,,"catch, grasp, comprehend",
cōnclāmō,cōnclāmāre,cōnclāmāvī,cōnclāmātum,I,,"shout, summon",
cōncurrō,cōncurrere,cōncurrī,cōncursum,III,,"run together, flock, agree (with)",
concutiō,concutere,concussī,concussum,III-i,,"shake violently, agitate",
condō,condere,condidī,conditum,III,,"put together, establish, found",
cōndūcō,cōndūcere,cōndūxī,cōnductum,III,,"lead together, assemble, connect",
cōnferō,cōnferre,cōntulī,cōllātum,Irregular,,"bring together, unite, consult",
conficiō,conficere,confēcī,confectum,III-i,,"accomplish, complete",
cōnfīdō,cōnfīdere,cōnfīsus sum,,III,Semi-Deponent,"be confident, confide in, trust",
conformō,conformāre,conformāvī,conformātum,I,,"form, fashion, outline",
confugiō,confugere,confūgī,confugitum,III-i,,"flee, take refuge",
congerō,congerere,congessī,congestum,III,,"bring together, accumulate, compile",
congredior,congredī,congressus sum,,III-i,Deponent,"meet, engage",
congregō,congregāre,congregāvī,congregātum,I,,"herd together, associate, swarm",
coniciō,conicere,coniēcī,coniectum,III-i,,hurl,
coniciō,conicere,coniēcī,coniectum,III,,"hurl, throw together, contend",
coniungō,coniungere,coniunxī,coniunctum,III,,"join together, yoke together, marry",
coniūrō,coniūrāre,coniūrāvī,coniūrātum,I,,"swear together, unite by oath",
cōnor,cōnārī,cōnātus sum,,I,Deponent,try,
conquīrō,conquīrere,conquīsīvī,conquīsītum,III,,seek out,
conscribō,conscribere,conscrīpsī,conscrīptum,III,,"draft, enlist",
cōnscrībō,cōnscrībere,cōnscrīpsī,cōnscrīptum,III,,"enroll, enlist",
cōnsecō,cōnsecāre,cōnsecāvī,cōnsectum,I,,"cut up, cut to pieces, lop off",
consentiō,consentīre,consēnsī,consēnsum,IV,,"agree, feel the same",
cōnsentiō,cōnsentīre,cōnsēnsī,cōnsēnsum,IV,,"agree, consent (to)",
cōnsequor,cōnsequī,cōnsecūtus sum,,III,Deponent,"follow directly, pursue, ensue",
cōnservō,cōnservāre,cōnservāvī,cōnservātum,I,,"conserve, maintain",
cōnsipiō,cōnsipere,cōnsipuī,,III-i,Active Only,"be sane, be of sound mind",
cōnspiciō,cōnspicere,cōnspēxī,cōnspectum,III-i,,"observe, examine",
cōnspīrō,cōnspīrāre,cōnspīrāvī,cōnspīrātum,I,,"plot, conspire",
constituō,constituere,constituī,constitūtum,III,,"set up, decide, determine",
cōnstō,cōnstāre,cōnstitit,,I,,"stand together, stand still",
cōnstruō,cōnstruere,cōnstrūxī,cōnstrūctum,III,,"pile up, construct",
contestor,contestārī,contestātus sum,,I,Deponent,call to witness,
conticeō,conticēre,conticuī,,II,Active Only,"be silent, be still",
contingō,contingere,contigī,contāctum,III,,"come into contact with, arrive at",
contrādīcō,contrādīcere,contrādīxī,contrādictum,III,,"speak against, oppose, contradict","Pres. Act. Imperatives contrādīc, contrādīcite"
contrahō,contrahere,contrāxī,contractum,III,,"draw together, bring about",
contrāstō,contrāstāre,contrāstāvī,,I,,stand in opposition,
convehō,convehere,convexī,convectum,III,,"carry together, harvest, convey",
conveniō,convenīre,convēnī,conventum,IV,,"gather, come together",
convertō,convertere,convertī,conversum,III,,"turn over, turn back rotate",
convincō,convincere,convīcī,convictum,III,,"conquer, convince, convict",
cōnvocō,cōnvocāre,cōnvocāvī,cōnvocātum,I,,"call together, assemble, convene",
convolvō,convolvere,convolvī,convolūtum,III,,"roll together, wrap",
coquō,coquere,coxī,coctum,III,,cook,
corrideō,corridēre,corrīsī,corrīsum,II,,"laugh together, laugh aloud",
corrigō,corrigere,corrēxī,corrēctum,III,,"correct, set right, straighten",
corripiō,corripere,corripuī,correptum,III-i,,"snatch up, plunder, usurp",
crēdō,crēdere,crēdidī,crēditum,III,,believe,w/ Dative
crēscō,crēscere,crēvī,crētum,III,,grow,
cupiō,cupere,cupīvī,cupītum,III-i,,"want, desire",
cūrō,curāre,cūrāvī,cūrātum,I,,"care, care for",
curro,currere,cucurrī,cursum,III,,run,
custōdiō,custōdīre,custōdīvī,custōdītum,IV,,"supervise, protect",
damnō,damnāre,damnāvī,damnātum,I,,"condemn, find guilty",
dēbeō,dēbēre,dēbuī,dēbitum,II,,"owe, ought",
dēcēdō,dēcēdere,dēcessī,dēcessum,III,,"withdraw, depart, die",
decet,decēre,decuit,,II,Impersonal,"be proper, be appropriate",
dēcidō,dēcidere,dēcidī,,III,Active Only,"fall down, drop off, die",
dēcīdō,dēcīdere,dēcīdī,dēcīsum,III,,"cut away, reduce",
dēcipiō,dēcipere,dēcēpī,dēceptum,III-i,,"deceive, lead astray",
dēclāmō,dēclāmāre,dēclāmāvī,dēclāmātum,I,,"make speeches, speak emphatically",
dēclārō,dēclārāre,dēclārāvī,dēclārātum,I,,"make clear, declare",
dēcrēscō,dēcrēscere,dēcrēvī,dēcrētum,III,,"decrease, dwindle, fade",
dēcurrō,dēcurrere,dēcurrī,dēcursum,III,,"run down, hasten",
dēcutiō,dēcutere,dēcussī,dēcussum,III-i,,"shake off, throw aside",
dēdīcō,dēdīcāre,dēdīcāvī,dēdīcātum,I,,"dedicate, commit to","Pres. Act. Imperatives dēdīc, dēdīcite"
dēdūcō,dēdūcere,dēdūxī,dēductum,III,,"lead downward, lead out, deduct, deduce",
deeō,deīre,deīvī,deītum,Irregular,Active Only,depart,Alternative third part deiī
dēferō,dēferre,dētulī,dēlātum,Irregular,,"carry down, deliver, bring to market",
dēficiō,dēficere,dēfēcī,dēfectum,III-i,,"lack, be lacking",
dēficiō,dēficere,dēfēcī,dēfectum,III-i,,"move away, withdraw, disappoint, be lacking",
dēformō,dēformāre,dēformāvī,dēformātum,I,,"design, disfigure",
dēfugiō,dēfugere,dēfūgī,dēfugitum,III-i,,"flee, escape, avoid",
dēgerō,dēgerere,dēgessī,dēgestum,III,,"carry away, carry off",
dēgredior,dēgredī,dēgressus sum,,III-i,Deponent,"step down, descend",
dēhortor,dēhortārī,dēhortātus sum,,I,Deponent,"dissuade, discourage, deter",
dēiciō,dēicere,dēiēcī,dēiectum,III,,"throw down, drive out",
dēiuvō,dēiuvāre,dēiūvī,dēiūtum,I,,withhold assistance,
dēligō,dēligere,dēlēgī,dēlēctum,III,,"choose, cull",
dēlūdō,dēlūdere,dēlūsī,dēlūsum,III,,"deceive, mock",
dēmittō,dēmittere,dēmīsī,dēmīssum,III,,"send downward, sink",
dēmōnstrō,dēmōnstrāre,dēmōnstrāvī,dēmōnstrātum,I,,"show, prove, draw attention to",
dēmoveō,dēmovēre,dēmōvī,dēmōtum,II,,"move downward, move away, dislodge",
dēmūtō,dēmūtāre,dēmūtāvī,dēmūtātum,I,,"change, alter, become different",
dēnegō,dēnegāre,dēnegāvī,dēnegātum,I,,"deny, reject",
dēnūntiō,dēnūntiāre,dēnūntiāvī,dēnūntiātum,I,,"declare, make an official announcement",
dēpellō,dēpellere,dēpulī,dēpulsum,III,,"drive downward, drive away, expel",
dēpleō,dēplēre,dēplēvī,dēplētum,II,,"empty out, exhaust",
dēpōnō,dēpōnere,dēposuī,dēpositum,III,,"set aside, put away, resign",
dēportō,dēportāre,dēportāvī,dēportātum,I,,"carry downward, banish",
dëprecor,dëprecārī,dëprecātus sum,,I,Deponent,"pray away, pray for",
dēpugnō,dēpugnāre,dēpugnāvī,dēpugnātum,I,,"combat, battle",
dēputō,dēputāre,dēputāvī,dēputātum,I,,"esteem, consider as",
dērideō,dēridēre,dērīsī,dērīsum,II,,"mock, scorn, deride",
dērogō,dērogāre,dērogāvī,dērogātum,I,,"diminish, remove, disparage",
dēscrībō,dēscrībere,dēscrīpsī,dēscrīptum,III,,"write down, draw out, describe",
dēsecō,dēsecāre,dēsecāvī,dēsectum,I,,"sever, mow",
dēsideō,dēsidēre,dēsēdī,dēsessum,II,,"sit down, sit idle, remain sitting",
dēsipiō,dēsipere,dēsipuī,,III-i,Active Only,"act foolish, fool around",
dēspectō,dēspectāre,dēspectāvī,dēspectātum,I,,"look over, look down on, despise",
dēstituō,dēstituere,dēstituī,dēstitūtum,III,,"set in position, abandon, forsake",
dēstruō,dēstruere,dēstrūxī,dēstrūctum,III,,"destroy, demolish",
dētestor,dētestārī,dētestātus sum,,I,Deponent,"curse, detest",
dētrahō,dētrahere,dētrāxī,dētractum,III,,"draw down, divert",
deūtor,deūtī,deūsus sum,,III,Deponent,"misuse, pervert",w/ Ablative
dēveniō,dēvenīre,dēvēnī,dēventum,IV,,"arrive, come from",
dēvincō,dēvincere,dēvīcī,dēvictum,III,,"defeat decisively, subdue",
dēvocō,dēvocāre,dēvocāvī,dēvocātum,I,,call downward,
dēvolō,dēvolāre,dēvolāvī,dēvolātum,I,,"fly downward, fly away",
dēvolvō,dēvolvere,dēvolvī,dēvolūtum,III,,"roll down, tumble down",
dīcō,dīcere,dīxī,dīctum,III,,"say, tell","Pres. Act. Imperatives dīc, dīcite"
differō,differre,distulī,dīlātum,Irregular,,"carry different ways, separate",
diffīdō,diffīdere,diffīsus sum,,III,Semi-Deponent,"distrust, lack confidence",
diffringō,diffringere,diffrēgī,diffrāctum,III,,shatter,
diffugiō,diffugere,diffūgī,diffugitum,III-i,,"scatter, disperse",
dīgredior,dīgredī,dīgressus sum,,III-i,Deponent,"go separate ways, deviate, digress",
dīmittō,dīmittere,dīmīsī,dīmīssum,III,,"send away, dismiss",
dīmoveō,dīmovēre,dīmōvī,dīmōtum,II,,"move apart, disperse",
dīnōscō,dīnōscere,dīnōvī,dīnōtum,III,,"discern, distinguish",
dīrigō,dīrigere,dīrēxī,dīrēctum,III,,"lay straight, arrange, direct, steer",
dīripiō,dīripere,dīripuī,dīreptum,III-i,,"tear apart, tear to pieces, plunder",
disco,discere,didicī,discitum,III,,learn,
discutiō,discutere,discussī,discussum,III-i,,"strike down, shatter, break down, discuss",
disiungō,disiungere,disiunxī,disiunctum,III,,"disjoin, separate, unyoke",
disparō,disparāre,disparāvī,disparātum,I,,"separate, divide",
dispellō,dispellere,dispulī,dispulsum,III,,"drive away, disperse, dispel",
dīspergō,dīspergere,dīspersī,dīspersum,III,,scatter about,
dispōnō,dispōnere,disposuī,dispositum,III,,"dispose, distribute",
disputō,disputāre,disputāvī,disputātum,I,,"estimate, debate, think differently",
dissecō,dissecāre,dissecāvī,dissectum,I,,"cut into pieces, dismember, dissect",
dissentiō,dissentīre,dissēnsī,dissēnsum,IV,,"disagree, dissent",
dissolvō,dissolvere,dissolvī,dissolūtum,III,,"unloose, dissolve, abolish",
dīstō,dīstāre,dīstitī,,I,Active Only,stand apart,
distrahō,distrahere,distrāxī,distractum,III,,"pull apart, separate forcibly, divide",
dīvagor,dīvagārī,dīvagātus sum,,I,Deponent,wander about,
dīvertō,dīvertere,dīvertī,dīversum,III,,"turn away, separate, divorce",
dō,dare,dedī,datum,I,,give,
doceō,docēre,docuī,doctum,II,,teach,
doleō,dolēre,doluī,dolitum,II,,"hurt, suffer grieve",
dōnō,donāre,dōnāvī,dōnātum,I,,"grant, give",
dormiō,dormīre,dormīvī,dormītum,IV,,sleep,
dūcō,dūcere,dūxī,ductum,III,,"lead, bring, take along","Pres. Act. Imperatives duc, ducite"
ēdīcō,ēdīcere,ēdīxī,ēdictum,III,,"declare, publish, decree","Pres. Act. Imperatives ēdīc, ēdīcite"
edō,edere,ēdī,ēsum,III,,eat,
ēdō,ēdere,ēdidī,ēditum,III,,"give out, produce, beget",
ēdūcō,ēdūcere,ēdūxī,ēductum,III,,"lead out, raise up",
efferō,efferre,extulī,ēlātum,Irregular,,"carry out, bring forth",
efficiō,efficere,effēcī,effectum,III-i,,"work out, effect, accomplish",
effugiō,effugere,effūgī,effugitum,III-i,,"flee from, escape, evade",
ēgredior,ēgredī,ēgressus sum,,III-i,Deponent,"exit, disembark",
ēiciō,ēicere,ēiēcī,ēiectum,III-i,,"throw out, cast aside",
ēlābōrō,ēlābōrāre,ēlābōrāvī,ēlābōrātum,I,,"endeavor, elaborate",
ēlevō,ēlevāre,ēlevāvī,ēlevātum,I,,"raise, lessen",
ēloquor,ēloquī,ēlocūtus sum,,III,Deponent,"speak out, state, express",
ēmaneō,ēmanēre,ēmānsī,ēmānsum,II,,stay outside,
ēmoveō,ēmovēre,ēmōvī,ēmōtum,II,,"move out, dislodge",
ēmūtō,ēmūtāre,ēmūtāvī,ēmūtātum,I,,"change, alter, transform",
ēnūntiō,ēnūntiāre,ēnūntiāvī,ēnūntiātum,I,,"reveal, disclose",
eō,īre,īvī,ītum,Irregular,Active Only,go,
equitō,equitāre,equitāvī,equitātum,I,,ride a horse,
ērigō,ērigere,ērēxī,ērēctum,III,,"build, erect",
ēripiō,ēripere,ēripuī,ēreptum,III-i,,"rescue, snatch away, take by force",
errō,errāre,errāvī,errātum,I,,"wander, err, make a mistake",
ēsuriō,ēsurīre,ēsurīvī,ēsurītum,IV,,be hungry,
ēvagor,ēvagārī,ēvagātus sum,,I,Deponent,wander off,
ēvehō,ēvehere,ēvexī,ēvectum,III,,"carry out, convey out, export",
ēveniō,ēvenīre,ēvēnī,ēventum,IV,,"come forth, happen",
ēvertō,ēvertere,ēvertī,ēversum,III,,"turn out, overturn, upset",
ēvincō,ēvincere,ēvīcī,ēvictum,III,,"vanquish, prevail in, evict",
ēvocō,ēvocāre,ēvocāvī,ēvocātum,I,,"summon, call out, evoke",
ēvolō,ēvolāre,ēvolāvī,ēvolātum,I,,"fly away, fly out, rush",
ēvolvō,ēvolvere,ēvolvī,ēvolūtum,III,,"roll out, open a scroll",
excēdō,excēdere,excessī,excessum,III,,"go out, go forth, overstep, exceed",
excidō,excidere,excidī,,III,Active Only,"fall out, collapse, slip out",
excīdō,excīdere,excīdī,excīsum,III,,"cut out, extirpate",
excipiō,excipere,excēpī,exceptum,III-i,,"take out, extract, exempt (from)",
exclāmō,exclāmāre,exclāmāvī,exclāmātum,I,,shout out,
excrēscō,excrēscere,excrēvī,excrētum,III,,"grow outward, grow excessively",
excurrō,excurrere,excurrī,excursum,III,,"run out, extend",
exeō,exīre,exīvī,exītum,Irregular,Active Only,"go out, exit, depart",Alternative third part exiī
exerceō,exercēre,exercuī,exercitum,II,,"train, exercise",
exhibeō,exhibēre,exhibuī,exhibitum,II,,"hold forth, present, exhibit",
exhortor,exhortārī,exhortātus sum,,I,Deponent,"encourage, exhort",
exiūrō,exiūrāre,exiūrāvī,exiūrātum,I,,"forswear, disown",
expellō,expellere,expulī,expulsum,III,,"drive out, expel, banish",
experior,experīrī,expertus sum,,IV,Deponent,"attempt, find out, experience",
expetō,expetere,expetīvī,expetītum,III,,"desire, covet, strive for",
expleō,explēre,explēvī,explētum,II,,"fill up, satisfy",
expōnō,expōnere,exposuī,expositum,III,,"put out, display, expose, set forth",
exportō,exportāre,exportāvī,exportātum,I,,carry out,
exquīrō,exquīrere,exquīsīvī,exquīsītum,III,,"seek out, inquire into",
exsecō,exsecāre,exsecāvī,exsectum,I,,"cut off, cut out, geld",
exsequor,exsequī,exsecūtus sum,,III,Deponent,"follow through, perform, execute",
exsolvō,exsolvere,exsolvī,exsolūtum,III,,"release, unbind",
exspectō,exspectāre,exspectāvī,exspectātum,I,,"look out for, wait for",
exspīrō,exspīrāre,exspīrāvī,exspīrātum,I,,"breathe out, die",
exstō,exstāre,exstitī,,I,Active Only,"stand out, be prominent, exist",
extrahō,extrahere,extrāxī,extractum,III,,"pull out, extract",
fābulor,fabulārī,fābulātus sum,,I,Deponent,tell fictional stories,
faciō,facere,fēcī,factum,III-i,,"make, do","Pres. Act. Imperatives fac, facite"
fallō,fallere,fefellī,falsum,III,,"deceive, trick, beguile",
fateor,fatērī,fassus sum,,II,Deponent,"confess, acknowledge",
faveō,favēre,fāvī,fautum,II,,favor,
ferō,ferre,tūlī,lātum,Irregular,,"carry, bear, bring","Pres. Act. Imperatives fer, ferte"
fīdō,fidere,fīsus sum,,III,Semi-Deponent,"trust, have faith in",
fīniō,fīnīre,fīnīvī,fīnītum,IV,,"end, finish, bound",
fiō,fiērī,factus sum,,Irregular,Semi-Deponent,"become, be made",
flō,flāre,flāvī,flātum,I,,"blow, breathe",
for,fārī,fātus sum,,I,Deponent,"say, speak up",
formō,formāre,formāvī,formātum,I,,"form, shape",
frangō,frangere,frēgī,frāctum,III,,break,
fruor,fruī,frūctus sum,,III,Deponent,"enjoy, engage in",w/ Ablative
fugiō,fugere,fūgī,fūgitum,III-i,,"flee, run away",
fungor,fungī,fūnctus sum,,III,Deponent,"work correctly, function",w/ Ablative
fūror,fūrārī,fūrātus sum,,I,Deponent,steal,
gaudeō,gaudēre,gāvīsus sum,,II,Semi-Deponent,"rejoice, be joyful",
gerō,gerere,gessī,gestum,III,,"carry, bear, carry on",
gestō,gestāre,gestāvī,gestātum,I,,"bear, carry continuously, wield",
gradior,gradī,grassus sum,,III-i,Deponent,step,
gregō,gregāre,gregāvī,gregātum,I,,"herd together, assemble",
habeō,habēre,habuī,habitum,II,,have,
habitō,habitāre,habitāvī,habitātum,I,,"dwell, live (in)",
horreō,horrēre,horruī,horritum,II,,"shiver, quake",
hortor,hortārī,hortātus sum,,I,Deponent,encourage,
iaceō,iacēre,iacuī,iacitum,II,,"lie, occupy space",
iaciō,iacere,iēcī,iactum,III-i,,"throw, toss",
iactō,iactāre,iactāvī,iactātum,I,,"throw, cast",
īgniō,īgnīre,īgnīvī,īgnītum,IV,,"set afire, burn",
illūdō,illūdere,illūsī,illūsum,III,,"mock, ridicule",
immaneō,immanēre,immānsī,immānsum,II,,stay in,
immoveō,immovēre,immōvī,immōtum,II,,move into,
immūtō,immūtāre,immūtāvī,immūtātum,I,,"change, alter, transform",
impediō,impedīre,impedīvī,impedītum,IV,,hinder,
impellō,impellere,impulī,impulsum,III,,"drive onward, impel, assail",
imperō,imperāre,imperāvī,imperātum,I,,command,w/ Dative
impetō,impetere,impetīvī,impetītum,III,,"rush into, attack",
impleō,implēre,implēvī,implētum,II,,"fill up, satisfy",
impōnō,impōnere,imposuī,impositum,III,,"place on, impose on",
importō,importāre,importāvī,importātum,I,,carry into,
imprecor,imprecārī,imprecātus sum,,I,Deponent,"invoke, curse",
impugnō,impugnāre,impugnāvī,impugnātum,I,,"fight against, impugn",
imputō,imputāre,imputāvī,imputātum,I,,"reckon, attribute to",
incēdō,incēdere,incessī,incessum,III,,"go into, invade, march",
incidō,incidere,incidī,,III,Active Only,"fall upon, occur",
incīdō,incīdere,incīdī,incīsum,III,,"cut into, carve",
incipiō,incipere,incēpī,inceptum,III-i,,"begin, take on",
incrēscō,incrēscere,incrēvī,incrētum,III,,"increase, grow upon, swell",
incurrō,incurrere,incurrī,incursum,III,,"run into, invade",
incutiō,incutere,incussī,incussum,III-i,,"strike against, inflict",
indicō,indicāre,indicāvī,indicātum,I,,point to,
indīcō,indīcere,indīxī,indictum,III,,"proclaim, publish, enjoin","Pres. Act. Imperatives indīc, indīcite"
indūcō,indūcere,indūxī,inductum,III,,"bring forth, bring into court",
ineō,inīre,inīvī,inītum,Irregular,Active Only,enter,Alternative third part iniī
inferō,inferre,intulī,illātum,Irregular,,"carry into, insert, bury",
inficiō,inficere,infēcī,infectum,III-i,,"stain, corrupt",
informō,informāre,informāvī,informātum,I,,"form, mould, inform, educate",
īnfringō,īnfringere,īnfrēgī,īnfrāctum,III,,"break off, infringe",
ingredior,ingredī,ingressus sum,,III-i,Deponent,"go into, enter, advance, begin",
inhibeō,inhibēre,inhibuī,inhibitum,II,,"hold back, restrain, check, hinder",
inhortor,inhortārī,inhortātus sum,,I,Deponent,"incite, instigate",
iniciō,inicere,iniēcī,iniectum,III,,"throw into, infuse, inject",
innovō,innovāre,innovāvī,innovātum,I,,"restore, create something new",
inquīrō,inquīrere,inquīsīvī,inquīsītum,III,,"seek after, investigate, examine",
inscrībō,inscrībere,inscrīpsī,inscrīptum,III,,"write in, write on, mark, brand",
insecō,insecāre,insecāvī,insectum,I,,"cut up, cut into",
insequor,insequī,insecūtus sum,,III,Deponent,"follow upon, proceed, succeed",
inservō,inservāre,inservāvī,inservātum,I,,"attend to, observe",
insideō,īnsidēre,īnsēdī,īnsessum,II,,"sit in, sit on, occupy",
inspiciō,inspicere,inspēxī,inspectum,III-i,,"inspect, examine, contemplate",
inspīrō,inspīrāre,inspīrāvī,inspīrātum,I,,"breathe in, breathe into, inspire",
instituō,instituere,instituī,institūtum,III,,"establish, found, arrange",
īnstō,īnstāre,īnstitī,,I,,"stand on, be near, be imminent",
instruō,instruere,instrūxī,instrūctum,III,,"build onto, instruct",
intellegō,intellegere,intellēxī,intellēctum,III,,understand,
intercidō,intercidere,intercidī,,III,Active Only,"fall between, occur meanwhile",
intercīdō,intercīdere,intercīdī,intercīsum,III,,"cut up, mangle, thin out",
intereō,interīre,interīvī,interītum,Irregular,Active Only,"go between, go among",Alternative third part interiī
interficiō,interficere,interfēcī,interfectum,III-i,,kill,
intergerō,intergerere,intergessī,intergestum,III,,"place between, interpose",
interiaceō,interiacēre,interiacuī,interiacitum,II,,"lie between, lie among",
intericiō,intericere,interiēcī,interiectum,III,,"throw between, throw among",
intermaneō,intermanēre,intermānsī,intermānsum,II,,"stay between, stay among",
intermittō,intermittere,intermīsī,intermīssum,III,,"interrupt, stop",
internōscō,internōscere,internōvī,internōtum,III,,move between,
interpōnō,interpōnere,interposuī,interpositum,III,,"place between, insert, interpose, pledge",
interrogō,interrogāre,interrogāvī,interrogātum,I,,"question, interrogate",
intersecō,intersecāre,intersecāvī,intersectum,I,,"divide between, intersect",
interstō,interstāre,interstetī,,I,,"stand between, stand among",
intersum,interesse,interfuī,interfutūrus,Irregular,Active Only,be of interest,
interveniō,intervenīre,intervēnī,interventum,IV,,"come between, intervene, interrupt",
intervertō,intervertere,intervertī,interversum,III,,"turn aside, divert, embezzle",
intervolō,intervolāre,intervolāvī,intervolātum,I,Active Only,"fly between, fly among",
intrahō,intrahere,intrāxī,intractum,III,,"draw in, draw into, drag along",
intrōdūcō,intrōdūcere,intrōdūxī,intrōductum,III,,"lead within, introduce",
inveniō,invenīre,invēnī,inventum,IV,,"find, discover, come across",
invertō,invertere,invertī,inversum,III,,"turn upside-down, invert, upset",
invocō,invocāre,invocāvī,invocātum,I,,"call upon, invoke",
involō,involāre,involāvī,involātum,I,,"fly in, fly into",
involvō,involvere,involvī,involūtum,III,,"roll onto, wrap up, involve, devote",
īrāscor,īrāscī,īrātus sum,,III,Deponent,be angry,
irrideō,irridēre,irrīsī,irrīsum,II,,"laught at, make fun of",
irrogō,irrogāre,irrogāvī,irrogātum,I,,"propose, demand, request",
iubeō,iubēre,iussī,iussum,II,,order,
iūdicō,iūdicāre,iūdicāvī,iūdicātum,I,,"judge, deem",
iungō,iungere,iūnxī,iūnctum,III,,"join, yoke",
iūrō,iūrāre,iūrāvī,iūrātum,I,,swear,
iuvō,iuvāre,iūvī,iūtum,I,,"help, assist",
lābor,lābī,lāpsus sum,,III,Deponent,"slip, fall",
lābōrō,lābōrāre,lābōrāvī,lābōrātum,I,,"work, suffer",
largior,largīrī,largītus sum,,IV,Deponent,"bestow, be generous",
latrōcinor,latrōcinārī,latrōcinātus sum,,I,,"rob, fight as a mercenary",
laudō,laudāre,laudāvī,laudātum,I,,praise,
lavō,lavāre,lāvī,lautum,I,,wash,
legō,legere,lēgī,lēctum,III,,"read, gather, collect",
levō,levāre,levāvī,levātum,I,,"lift, raise, lighten",
līberō,līberāre,līberāvī,līberātum,I,,"free, set free",
liceor,licērī,licitus sum,,II,Deponent,"bid for, value",
licet,licēre,licuit,,II,Impersonal,be permitted,
liquor,liquī,,,III,Deponent,flow,
lītigō,lītigāre,lītigāvī,lītigātum,I,,"quarrel, dispute, file suit",
lītigō,lītigāre,lītigāvī,lītigātum,I,,"sue, bring to court",
locō,locāre,locāvī,locātum,I,,"place, put in place",
loquor,loquī,locūtus sum,,III,Deponent,"speak, talk, converse",
luceō,lucēre,lūxī,,II,,"shine, glow",
lūdō,lūdere,lūsī,lūsum,III,,play,
maneō,manēre,mānsī,mānsum,II,,"stay, remain",
mentior,mentīrī,mentītus sum,,IV,Deponent,"lie, tell a lie",
mercor,mercārī,mercātus sum,,I,Deponent,"trade, sell",
mereor,merērī,meritus sum,,II,Deponent,"earn, deserve",
mētior,mētīrī,mēnsus sum,,IV,Deponent,measure,
minor,minārī,minātus sum,,I,Deponent,threaten,
misereor,miserērī,misertus sum,,II,Deponent,"be woeful, be in misery",
mittō,mittere,mīsī,missum,III,,send,
moneō,monēre,monuī,monitum,II,,"warn, advise",
mōnstrō,mōnstrāre,mōnstrāvī,mōnstrātum,I,,"show, point out",
mordeō,mordēre,momordī,morsum,II,,"bite, gnaw",
morior,morī,mortuus sum,,III,Deponent,die,
moveō,movēre,mōvī,mōtum,II,,move,
mūniō,mūnīre,mūnīvī,mūnītum,IV,,"fortify, build up",
mūtō,mūtāre,mūtāvī,mūtātum,I,,"change, exchange, remove",
narro,narrāre,narrāvī,narrātum,I,,"tell, relate",
nascor,nascī,nātus sum,,III,Deponent,be born,
natō,natāre,natāvī,natātum,I,,"swim, float",
nāvigō,nāvigāre,nāvigāvī,nāvigātum,I,,sail,
nēcō,nēcāre,nēcāvī,nēcātum,I,,"kill, slaughter",
neglegō,neglegere,neglēgī,neglēctum,III,,"neglect, overlook",
negō,negāre,negāvī,negātum,I,,"deny, refuse",
negōtior,negōtiārī,negōtiātus sum,,I,Deponent,"do business, not be lazy",
ningit,ningere,ninxit,,III,Impersonal,snow,
noceō,nocēre,nocuī,nocitum,II,,harm,w/ Dative
nōlō,nōlle,nōluī,,Irregular,Active Only,not want,
nōminō,nōmināre,nōmināvī,nōminātum,I,,"name, give a name to",
nōscō,nōscere,nōvī,nōtum,III,,"recognize, learn",
novō,novāre,novāvī,novātum,I,,"make new, renew",
numerō,numerāre,numerāvī,numerātum,I,,"count, give a number to",
nūntiō,nūntiāre,nūntiāvī,nūntiātum,I,,"announce, report",
obeō,obīre,obīvī,obītum,Irregular,Active Only,"go toward, go to meet, travel over, pass away",Alternative third part obiī
obiaceō,obiacēre,obiacuī,obiacitum,II,,lie in the way,
obiciō,obicere,obiēcī,obiectum,III,,throw in front of,
oblīvīscor,oblīvīscī,oblītus sum,,III,Deponent,forget,
obnūntiō,obnūntiāre,obnūntiāvī,obnūntiātum,I,,report bad news,
obrogō,obrogāre,obrogāvī,obrogātum,I,,"propose a new law, obstruct passage of a law",
obscūrō,obscūrāre,obscūrāvī,obscūrātum,I,,"make dark, conceal",
observō,observāre,observāvī,observātum,I,,"watch over, observe, pay attention to",
obsideō,obsidēre,obsēdī,obsessum,II,,"sit by, besiege",
obstō,obstāre,obstitī,,I,,"stand in the way, obstruct, thwart",
obstruō,obstruere,obstrūxī,obstrūctum,III,,"block, build a barricade, obstruct",
obticeō,obticēre,obticuī,,II,Active Only,be silent,
obtingō,obtingere,obtigī,,III,,"touch, strike",
obveniō,obvenīre,obvēnī,obventum,IV,,"come before, get in the way",
obvertō,obvertere,obvertī,obversum,III,,turn to face,
obvolvō,obvolvere,obvolvī,obvolūtum,III,,"wrap around, smother",
occidō,occidere,occidī,occāsum,III,,"fall, die",
occīdō,occīdere,occīdī,occīsum,III,,"cut up, kill",
occupō,occupāre,occupāvī,occupātum,I,,seize,
offerō,offerre,obtulī,oblātum,Irregular,,"bring before, bestow",
officiō,officere,offēcī,offectum,III-i,,"obstruct, hinder, stand in the way",
operor,operārī,operātus sum,,I,,"work, labor",
oportet,oportēre,oportuit,,II,Impersonal,be necessary,
oppleō,opplēre,opplēvī,opplētum,II,,fill completely,
oppōnō,oppōnere,opposuī,oppositum,III,,"put in the way, set against, oppose",
oppugnō,oppugnāre,oppugnāvī,oppugnātum,I,,attack,
ōrdinō,ōrdināre,ōrdināvī,ōrdinātum,I,,"order, place in order",
orior,orīrī,ortus sum,,IV,Deponent,"rise, arise",
ōrō,ōrāre,ōrāvī,ōrātum,I,,"pray, plead, speak out",
ōsculor,ōsculārī,ōsculātus sum,,I,Deponent,kiss,
ostendō,ostendere,ostendī,ostentum,III,,"show, show off",
ōtior,ōtiārī,ōtiātus sum,,IV,Deponent,"be lazy, be at leisure",
pāreō,pārēre,pāruī,pāritum,II,,obey,w/ Dative
partior,partīrī,partītus sum,,IV,Deponent,"share, divide, distribute",
patior,patī,passus sum,,III,Deponent,"suffer, endure, allow",
pellō,pellere,pepulī,pulsum,III,,"push, drive",
percipiō,percipere,percēpī,perceptum,III-i,,"seize, grasp, perceive",
percutiō,percutere,percussī,percussum,III-i,,"strike, beat",
perdō,perdere,perdidī,perditum,III,,"destroy, wreck",
perdūcō,perdūcere,perdūxī,perductum,III,,"lead through, deliver",
pereō,perīre,perīvī,perītum,Irregular,,"go through, perish, die",
perficiō,perficere,perfēcī,perfectum,III-i,,complete,
perfugiō,perfugere,perfūgī,,III-i,,"dessert, flee completely",
pergō,pergere,perrēxī,perrēctum,III,,"proceed, continue, awaken",
periūrō,periūrāre,periūrāvī,periūrātum,I,,"swear a false oath, perjure oneself",
permaneō,permanēre,permānsī,permānsum,II,,"stay to the end, endure",
permittō,permittere,permīsī,permīssum,III,,"let go, send away, surrender",
permoveō,permovēre,permōvī,permōtum,II,,"move thoroughly, shake up, agitate",
permūtō,permūtāre,permūtāvī,permūtātum,I,,"change thoroughly, exchange",
pernegō,pernegāre,pernegāvī,pernegātum,I,,deny entirely,
pernōscō,pernōscere,pernōvī,pernōtum,III,,"examine thoroughly, learn everything about",
perquīrō,perquīrere,perquīsīvī,perquīsītum,III,,search diligently,
perscrībō,perscrībere,perscrīpsī,perscrīptum,III,,write out fully,
persecō,persecāre,persecāvī,persectum,I,,divide completely,
persentiō,persentīre,persēnsī,persēnsum,IV,,perceive deeply,
persequor,persequī,persecūtus sum,,III,Deponent,"follow continuously, pursue, persecute",
persolvō,persolvere,persolvī,persolūtum,III,,"release, discharge, pay out",
perspiciō,perspicere,perspēxī,perspectum,III-i,,"see through, discern",
perspīrō,perspīrāre,perspīrāvī,perspīrātum,I,,"breathe deep, blow constantly",
perstō,perstāre,perstitī,,I,,"continue standing, persevere",
persuādeō,persuādēre,persuāsī,persuāsum,II,,persuade,w/ Dative
pertemptō,pertemptāre,pertemptāvī,pertemptātum,I,,try hard,
pertineō,pertinēre,pertinuī,,II,,"extend, stretch out, relate, pertain",
pertingō,pertingere,pertigī,pertāctum,III,,"extend, reach out",
perveniō,pervenīre,pervēnī,perventum,IV,,"arrive (at), attain",
pervincō,pervincere,pervīcī,pervictum,III,,defeat soundly,
petō,petere,petīvī,petītum,III,,"seek, ask, look for",
pleō,plēre,plēvī,plētum,II,,"fill, fill up",
plicō,plicāre,plicāvī,plicātum,I,,"fold, bend",
pluit,pluere,plūvit,,III,,rain,
polliceor,pollicērī,pollicitus sum,,II,Deponent,promise,
pōnō,pōnere,pōsuī,pōsitum,III,,"put, place, set",
porrigō,porrigere,porrēxī,porrēctum,III,,"extend, stretch, spread out",
portō,portāre,portāvī,portātum,I,,carry,
possideō,possidēre,possēdī,possessum,II,,"possess, take control of",
possum,posse,potuī,,Irregular,Active Only,be able,
postscrībō,postscrībere,postscrīpsī,postscrīptum,III,,write after or under,
potior,potīrī,potītus sum,,IV,Deponent,"obtain, get possession of",w/ Ablative
potō,potāre,potāvī,potātum,I,,"drink, imbibe, drink spirits",
praebeō,praebēre,praebuī,praebitum,II,,"proffer, provide",
praecipiō,praecipere,praecēpī,praeceptum,III-i,,"take beforehand, anticipate, instruct",
praedīcō,praedīcere,praedīxī,praedictum,III,,"say beforehand, predict","Pres. Act. Imperatives praedīc, praedīcite"
praeferō,praeferre,praetulī,praelātum,Irregular,,"bring before, offer, prefer",
praeficiō,praeficere,praefēcī,praefectum,III-i,,put in charge,
praegerō,praegerere,praegessī,praegestum,III,,bear before,
praelūdō,praelūdere,praelūsī,praelūsum,III,,"play beforehand, preface",
praemōnstrō,praemōnstrāre,praemōnstrāvī,praemōnstrātum,I,,"show beforehand, guide, prognosticate",
praenūntiō,praenūntiāre,praenūntiāvī,praenūntiātum,I,,"announce beforehand, foretell",
praeparō,praeparāre,praeparāvī,praeparātum,I,,prepare beforehand,
praeripiō,praeripere,praeripuī,praereptum,III-i,,"snatch, forestall",
praerogō,praerogāre,praerogāvī,praerogātum,I,,"ask beforehand, ask first",
praescrībō,praescrībere,praescrīpsī,praescrīptum,III,,"write in front of, appoint",
praesentiō,praesentīre,praesēnsī,praesēnsum,IV,,"have a presentiment, presage",
praeservō,praeservāre,praeservāvī,praeservātum,I,,"watch over beforehand, protect",
praesideō,praesidēre,praesēdī,praesessum,II,,"site before, preside over",
praestituō,praestituere,praestituī,praestitūtum,III,,determine in advance,
praestō,praestāre,praestitī,praestitum,I,,"stand before, stand out, be preferable",
praetemptō,praetemptāre,praetemptāvī,praetemptātum,I,,try beforehand,
praeveniō,praevenīre,praevēnī,praeventum,IV,,"come before, precede, prevent",
praseum,praeesse,praefuī,praefutūrus,Irregular,Active Only,be in charge,w/ Dative
precor,precārī,precātus sum,,I,Deponent,"pray, beg",
prōcēdō,prōcēdere,prōcessī,prōcessum,III,,"go forth, proceed",
prōcidō,prōcidere,prōcidī,,III,Active Only,fall forward,
prōcīdō,prōcīdere,prōcīdī,prōcīsum,III,,strike down,
prōclāmō,prōclāmāre,prōclāmāvī,prōclāmātum,I,,"shout forth, proclaim",
prōdīcō,prōdīcere,prōdīxī,prōdictum,III,,"give notice, appoint beforehand","Pres. Act. Imperatives prōdīc, prōdīcite"
prōdūcō,prōdūcere,prōdūxī,prōductum,III,,"lead forth, present, produce",
prōfugiō,prōfugere,prōfūgī,,III-i,,"flee forth, escape",
prōgredior,prōgredī,prōgressus sum,,III-i,Deponent,"step forward, march, proceed, progress",
prohibeō,prohibēre,prohibuī,prohibitum,II,,"prevent, prohibit (from)",
prōloquor,prōloquī,prōlocūtus sum,,III,Deponent,"speak out, foretell",
prōmittō,prōmittere,prōmīsī,prōmissum,III,,"send forth, promise",
prōmittō,prōmittere,prōmīsī,prōmīssum,III,,"send forth, promise",
prōmoveō,prōmovēre,prōmōvī,prōmōtum,II,,"move forward, propel, increase",
prōnūntiō,prōnūntiāre,prōnūntiāvī,prōnūntiātum,I,,"proclaim, declare, announce",
properō,properāre,properāvī,properātum,I,,hurry,
prōpugnō,prōpugnāre,prōpugnāvī,prōpugnātum,I,,"fight for, defend",
prōrogō,prōrogāre,prōrogāvī,prōrogātum,I,,"prolong, extend",
proscrībō,prōscrībere,prōscrīpsī,prōscrīptum,III,,"proclaim, outlaw",
prōsentiō,prōsentīre,prōsēnsī,prōsēnsum,IV,,perceive beforehand,
prōsequor,prōsequī,prōsecūtus sum,,III,Deponent,"accompany, pursue, follow, describe in detail",
prōspiciō,prōspicere,prōspēxī,prōspectum,III-i,,"look forward, see into the distance, espy",
prōstituō,prōstituere,prōstituī,prōstitūtum,III,,"set up in public, dishonor, prostitute someone",
prōtestor,prōtestārī,prōtestātus sum,,I,Deponent,bear witness,
prōtrahō,prōtrahere,prōtrāxī,prōtractum,III,,"draw forth, discover, bring to light",
prōveniō,prōvenīre,prōvēnī,prōventum,IV,,"come forth, appear, arise",
prōvocō,prōvocāre,prōvocāvī,prōvocātum,I,,"call forth, provoke",
prōvolō,prōvolāre,prōvolāvī,prōvolātum,I,,"fly forth, hasten",
pugnō,pugnāre,pugnāvī,pugnātum,I,,fight,
pulsō,pulsāre,pulsāvī,pulsātum,I,,"strike, knock, push repeatedly",
pūniō,pūnīre,pūnīvī,pūnītum,IV,,punish,
putō,putāre,putāvī,putātum,I,,think,
quaerō,quaerere,quaesīvī,quaestum,III,,"seek, ask, look for",
quatiō,quatere,quassus sum,,III,Semi-Deponent,"hit, beat",
queror,querī,questus sum,,III,Deponent,"complain, lament",
quiescō,quiescere,quiēvī,quiētum,III,,"rest, be quiet",
rabiō,rabere,rabuī,,III-i,,"rage, be mad",
rapiō,rapere,rapuī,raptum,III-i,,"seize, pluck",
recēdō,recēdere,recessī,recessum,III,,"go back, retreat, withdraw",
recidō,recidere,recidī,,III,Active Only,"fall back, recoil",
recīdō,recīdere,recīdī,recīsum,III,,"cut back, cut off, abridge",
recipiō,recipere,recēpī,receptum,III-i,,"take back, recapture, receive",
reclāmō,reclāmāre,reclāmāvī,reclāmātum,I,,"shout back, shout against, call repeatedly",
recurrō,recurrere,recurrī,recursum,III,,"run back, run again, return, happen again",
recutiō,recutere,recussī,recussum,III-i,,strike back,
reddō,reddere,reddidī,redditum,III,,"give back, return, render, surrender",
redeō,redīre,redīvī,redītum,Irregular,Active Only,"go back, return",Alternative third part rediī
redūcō,redūcere,redūxī,reductum,III,,"lead back, withdraw, reduce",
referō,referre,rettulī,relātum,Irregular,,"carry back, restore, give credit for",
reficiō,reficere,refēcī,refectum,III-i,,"make anew, restore, fix",
reformō,reformāre,reformāvī,reformātum,I,,"reshape, transform",
refringō,refringere,refrēgī,refrāctum,III,,"break up, break open, refract",
refugiō,refugere,refūgī,refugitum,III-i,,"escape, take shelter",
regerō,regerere,regessī,regestum,III,,"carry back, retort",
rēgō,rēgere,rēxī,rēctum,III,,"rule, set right",
reiciō,reicere,reiēcī,reiectum,III,,"throw back, reject",
relevō,relevāre,relevāvī,relevātum,I,,"raise, lighten, relieve",
remaneō,remanēre,remānsī,remānsum,II,,"remain, stay in place, persist",
remittō,remittere,remīsī,remīssum,III,,"send back, restore, forgive",FirstPart
removeō,removēre,remōvī,remōtum,II,,"move back, remove, take away",
renōscō,renōscere,renōvī,renōtum,III,,recognize,
renovō,renovāre,renovāvī,renovātum,I,,"renew, renovate",
renūntiō,renūntiāre,renūntiāvī,renūntiātum,I,,"announce back, renounce, reject, revoke",
reor,rērī,ratus sum,,II,Deponent,"reckon, calculate",
reparō,reparāre,reparāvī,reparātum,I,,"prepare again, repair",
repellō,repellere,repulī,repulsum,III,,drive back,
repetō,repetere,repetīvī,repetītum,III,,"attack again, resume, repeat",
repleō,replēre,replēvī,replētum,II,,"fill again, replenish, satisfy",
repōnō,repōnere,reposuī,repositum,III,,"put back, restore",
reportō,reportāre,reportāvī,reportātum,I,,"carry back, report",
repugnō,repugnāre,repugnāvī,repugnātum,I,,"fight against, resist, fight back, struggle",
reputō,reputāre,reputāvī,reputātum,I,,"calculate again, ponder, consider",
requīrō,requīrere,requīsīvī,requīsītum,III,,"seek again, request, require",
resecō,resecāre,resecāvī,resectum,I,,"cut off, cut back, curtail",
resequor,resequī,resecūtus sum,,III,Deponent,"follow in speaking, reply to",
reservō,reservāre,reservāvī,reservātum,I,,"reserve, save, spare",
resideō,residēre,resēdī,resessum,II,,"remain sitting, reside, linger",
resolvō,resolvere,resolvī,resolūtum,III,,"release, unbind, cancel",
respectō,respectāre,respectāvī,respectātum,I,,"look back, look intently, await",
respīrō,respīrāre,respīrāvī,respīrātum,I,,"breathe, blow back, take a breath",
respondeō,respondēre,respondī,respōnsum,II,,"respond, reply",
restituō,restituere,restituī,restitūtum,III,,"replace, restore, re-establish",
restō,restāre,restitī,,I,,"stand firm, withstand, resist",
restruō,restruere,restrūxī,restrūctum,III,,"restore, build again",
reticeō,reticēre,reticuī,,II,Active Only,remain silent,
retrahō,retrahere,retrāxī,retractum,III,,"draw back, withhold, fetch",
reūtor,reūtī,reūsus sum,,III,Deponent,use again,w/ Ablative
reveniō,revenīre,revēnī,reventum,IV,,"come back, return",
revertō,revertere,revertī,"",III,,"turn back, turn around, return",
revincō,revincere,revīcī,revictum,III,,"conquer again, subdue",
revocō,revocāre,revocāvī,revocātum,I,,"call back, withdraw, revoke",
revolvō,revolvere,revolvī,revolūtum,III,,"roll back, unwind, turn over, repeat",
rideō,ridēre,rīsī,rīsum,II,,"laugh, laugh at, ridicule",
rogō,rogāre,rogāvī,rogātum,I,,"ask, question",
saltō,saltāre,saltāvī,saltātum,I,,"jump, leap, dance",
salūtō,salūtāre,salūtāvī,salūtātum,I,,"greet, salute",
sapiō,sapere,sapuī,,III-i,Active Only,"be wise, have flavor",
sarciō,sarcīre,sarsī,sartum,IV,,"mend, patch",
scandō,scandere,scandī,scansum,III,,climb,
scindō,scindere,scīdī,scissum,III,,"cut, tear",
scrībō,scrībere,scrīpsī,scrīptum,III,,write,
secō,secāre,sēcāvī,sectum,I,,"cut, cut off, divide",
sedeō,sedēre,sēdī,sessum,II,,"sit, sit down",
sēdūcō,sēdūcere,sēdūxī,sēductum,III,,"lead astray, seduce",
sēgregō,sēgregāre,sēgregāvī,sēgregātum,I,,"separate from the flock, segregate",
sēligō,sēligere,sēlēgī,sēlēctum,III,,"select, cull",
sentiō,sentīre,sēnsī,sēnsum,IV,,"feel, sense",
sēparō,sēparāre,sēparāvī,sēparātum,I,,"separate, divide, distinguish",
sequor,sequī,secūtus sum,,III,Deponent,follow,
serō,serere,sēvī,satum,III,,"sow, plant",
serviō,servīre,servīvī,servītum,IV,,"serve, be a servant (to)",w/ Dative
servō,servāre,servāvī,servātum,I,,"keep, guard",
soleō,solēre,soluī,solitum,II,,be accustomed,
solvō,solvere,solvī,solūtum,III,,"loosen, free up, set free",
solvō,solvere,solvī,solūtum,III,,"loosen, untie, release",
sortior,sortīrī,sortītus sum,,IV,Deponent,draw lots,
spargō,spargere,sparsī,sparsum,III,,"scatter, sprinkle",
spectō,spectāre,spectāvī,spectātum,I,,"watch, look at",
spērō,spērāre,spērāvī,spērātum,I,,hope,
spīrō,spīrāre,spīrāvī,spīrātum,I,,breathe,
statuō,statuere,statuī,statūtum,III,,"set up, determine",
sternuō,sternuere,sternuī,,III,,sneeze,
stō,stāre,stetī,stātum,I,,stand,
struō,struere,strūxī,strūctum,III,,"build, pile up",
studeō,studēre,studuī,,II,,"be enthused about, study",w/ Dative
suādeō,suādēre,suāsī,suāsum,II,,persuade,w/ Dative
subeō,subīre,subīvī,subītum,Irregular,Active Only,"go under, go up, undergo",Alternative third part subiī
subiaceō,subiacēre,subiacuī,subiacitum,II,,"lie beneath, lie near, belong to",
subiciō,subicere,subiēcī,subiectum,III,,"throw upward, suggest",
subiungō,subiungere,subiunxī,subiunctum,III,,"join to, add to, affix",
submittō,submittere,submīsī,submīssum,III,,"place beneath, submit",
subrideō,subridēre,subrīsī,subrīsum,II,,smile,
subrogō,subrogāre,subrogāvī,subrogātum,I,,elect to replace,
subscrībō,subscrībere,subscrīpsī,subscrīptum,III,,"write under, underwrite, append, sign",
subsentiō,subsentīre,subsēnsī,subsēnsum,IV,,"perceive, observe",
subsequor,subsequī,subsecūtus sum,,III,Deponent,"follow immediately after, succeed",
substituō,substituere,substituī,substitūtum,III,,"put in place of, substitute",
substruō,substruere,substrūxī,substrūctum,III,,build underneath,
subterfugiō,subterfugere,subterfūgī,subterfugitum,III-i,,"fleet secretly, avoid",
subtrahō,subtrahere,subtrāxī,subtractum,III,,"pull out from under, withdraw, subtract",
subvehō,subvehere,subvexī,subvectum,III,,convey upward,
subvertō,subvertere,subvertī,subversum,III,,"overturn, overthrow",
subvolō,subvolāre,subvolāvī,,I,Active Only,fly upward,
subvolvō,subvolvere,subvolvī,subvolūtum,III,,"roll uphill, roll along",
succēdō,succēdere,successī,successum,III,,"go upward, succeed, replace",
succidō,succidere,succidī,,III,Active Only,"fall under, sink",
succīdō,succīdere,succīdī,succīsum,III,,cut from below,
succurrō,succidere,succurrī,succursum,III,,"help, rescue, run to the aid of",w/ Dative
sufferō,sufferre,subtulī,sublātum,Irregular,,"bear under, endure, suffer",
sufficiō,sufficere,suffēcī,suffectum,III-i,,"provide, put under, be adequate",
suffugiō,suffugere,suffūgī,suffugitum,III-i,,"flee, take refuge",
suggerō,suggerere,suggessī,suggestum,III,,"bear under, afford, supply, suggest",
sum,esse,fuī,futūrus,Irregular,Active Only,be,
superdīcō,superdīcere,superdīxī,superdictum,III,,say in addition,"Pres. Act. Imperatives superdīc, superdīcite"
superiaceō,superiacēre,superiacuī,superiacitum,II,,"live over, lie atop",
superō,superāre,superāvī,superātum,I,,"conquer, overcome",
supersedeō,supersedēre,supersēdī,supersessum,II,,"sit on, sit above, preside over",
superstō,superstāre,superstetī,,I,,"stand over, stand on, survive",
suppetō,suppetere,suppetīvī,suppetītum,III,,"be present, be available",
suppleō,supplēre,supplēvī,supplētum,II,,"fill up, supplement",
supplicō,supplicāre,supplicāvī,supplicātum,I,,"fold under, bend the knee, plead",
suppōnō,suppōnere,supposuī,suppositum,III,,"place under, subject (to)",
supportō,supportāre,supportāvī,supportātum,I,,"carry under, carry up, convey",
surgō,surgere,surrēxī,surrēctum,III,,"rise, stand up, straighten",
surripiō,surripere,surripuī,surreptum,III-i,,"snatch away, pilfer",
suscipiō,suscipere,suscēpī,susceptum,III-i,,undertake,
suspiciō,suspicere,suspēxī,suspectum,III-i,,"look up at, look askance, suspect",
suspīrō,suspīrāre,suspīrāvī,suspīrātum,I,,sigh,
taceō,tacēre,tacuī,tacitum,II,,be silent,
tangō,tangere,tetigī,tactum,III,,touch,
temptō,temptāre,temptāvī,temptātum,I,,"try, tempt, test",
teneō,tenēre,tenuī,tentum,II,,"hold, have",
terreō,terrēre,terruī,territum,II,,frighten,
testor,testārī,testātus sum,,I,Deponent,bear witness,
timeō,timēre,timuī,,II,,fear,
tondeō,tondēre,totondī,tōnsum,II,,"shave, mow",
tonō,tonāre,tonuī,tonitum,I,,thunder,
torqueō,torquēre,tōrsī,tortum,II,,twist,
trādō,trādere,trādidī,trāditum,III,,"hand over, surrender, hand down",
trahō,trahere,trāxī,trāctum,III,,"draw, drag, pull",
trānscrībō,trānscrībere,trānscrīpsī,trānscrīptum,III,,"transfer in writing, copy, transcribe",
trādūcō,trādūcere,trādūxī,trāductum,III,,"lead across, lead over, lead along, translate",
trānseō,trānsīre,trānsīvī,trānsītum,Irregular,Active Only,"go across, cross over, defect, surpass",Alternative third part trānsiī
trānsferō,trānsferre,trānstulī,trānslātum,Irregular,,"bear across, convey, copy",
trānsformō,trānsformāre,trānsformāvī,trānsformātum,I,,change in shape,
trānsgredior,trānsgredī,trānsgressus sum,,III-i,Deponent,"step beyond, cross over, desert",
trānsmittō,trānsmittere,trānsmīsī,trānsmīssum,III,,"send across, despatch, let go",
trānsmūtō,trānsmūtāre,trānsmūtāvī,trānsmūtātum,I,,"change, shift, transmute",
trānspāreō,trānspārēre,trānspāruī,trānspāritum,II,Active Only,"show through, be transparent",
trānspōnō,trānspōnere,trānsposuī,trānspositum,III,,"place across, place over, transfer",
trānsportō,trānsportāre,trānsportāvī,trānsportātum,I,,"carry across, convey, transport",
trānsvehō,trānsvehere,trānsvexī,trānsvectum,III,,"carry across, convey, transport",
trānsvertō,trānsvertere,trānsvertī,trānsversum,III,,"turn across, turn sideways, avert",
trānsvolō,trānsvolāre,trānsvolāvī,trānsvolātum,I,,fly across,
tueor,tuērī,tūtus sum,,II,Deponent,"watch after, protect",
tussiō,tussīre,,,IV,,cough,
ulcīscor,ulcīscī,ultus sum,,III,Deponent,avenge,
ūtor,ūtī,ūsus sum,,III,Deponent,"use, put to use",w/ Ablative
vagor,vagārī,vagātus sum,,I,Deponent,"wander, roam",
valeō,valēre,valuī,valitum,II,,"be well, fare well",
vastō,vastāre,vastāvī,vastātum,I,,"destroy, waste",
vehō,vehere,vexī,vectum,III,,"convey, transport",
veniō,venīre,vēnī,ventum,IV,,come,
vereor,verērī,veritus sum,,II,Deponent,"fear, respect",
vertō,vertere,vertī,versum,III,,turn,
vēscor,vēscī,,,III,Deponent,feed upon,w/ Ablative
vetō,vetāre,vetuī,vetitum,I,,forbid,
videō,vidēre,vīdī,vīsum,II,,see,
videor,vidērī,vīsus sum,,II,Deponent,"seem, be seen",
vinciō,vincīre,vīnxī,vinctum,IV,,"bind, chain up",
vincō,vincere,vīcī,victum,III,,"conquer, defeat",
violō,violāre,violāvī,violātum,I,,"violate, defile, commit violence against",
vīvō,vīvere,vīxī,vīctum,III,,"live, be alive",
vocō,vocāre,vocāvī,vocātum,I,,"call, call out",
volō,velle,voluī,,Irregular,Active Only,"want, wish",
volō,volāre,volāvī,volātum,I,,fly,
volvō,volvere,volvī,volūtum,III,,"turn, roll",
mīror,mīrārī,mīrātus sum,,I,Deponent,"wonder, marvel",
sciō,scīre,scīvī,scītum,IV,,know,
nesciō,nescīre,nescīvī,nescītum,IV,,not know,
placeō,placēre,placuī,placitum,II,,"place, be pleasing",w/ Dative
