ID,FirstPart,SecondPart,ThirdPart,Supine,Conjugation,Deponency,EnglishMeanings,Notes
,abdīcō,abdīcere,abdīxī,abdictum,III,,,"Pres. Act. Imperatives abdīc, abdīcite"
,abeō,abīre,abīvī,abītum,Irregular,Active Only,go away,Alternative third part abiī
,abhibeō,abhibēre,abhibuī,abhibitum,II,,,
,abiciō,abicere,abiēcī,abiectum,III,,,
,abiūrō,abiūrāre,abiūrāvī,abiūrātum,I,,,
,ablūdō,ablūdere,ablūsī,ablūsum,III,,,
,abnegō,abnegāre,abnegāvī,abnegātum,I,,,
,abripiō,abripere,abripuī,abreptum,III-i,,,
,abrogō,abrogāre,abrogāvī,abrogātum,I,,,
,abscīdō,abscīdere,abscīdī,abscīsum,III,,,
,absolvō,absolvere,absolvī,absolūtum,III,,,
,absum,abesse,āfuī,āfutūrus,Irregular,Active Only,"be away, be absent",
,abūtor,abūtī,abūsus sum,,III,Deponent,,w/ Ablative
,accēdō,accēdere,accessī,accessum,III,,,
,accidō,accidere,accidī,,III,Active Only,,
,accīdō,accīdere,accīdī,accīsum,III,,,
,accipiō,accipere,accēpī,acceptum,III-i,,"receive, accept",
,acclāmō,acclāmāre,acclāmāvī,acclāmātum,I,,,
,accurrō,accurrere,accurrī,accursum,III,,,
,accūsō,accūsāre,accūsāvī,accūsātum,I,,"blame, accuse",
,acquīrō,acquīrere,acquīsīvī,acquīsītum,III,,,
,addīcō,addīcere,addīxī,addictum,III,,,"Pres. Act. Imperatives addīc, addīcite"
,addō,addere,addidī,additum,III,,,
,addūcō,addūcere,addūxī,adductum,III,,,
,adeō,adīre,adīvī,adītum,Irregular,Active Only,,Alternative third part adiī
,adhibeō,adhibēre,adhibuī,adhibitum,II,,,
,adhortor,adhortārī,adhortātus sum,,I,Deponent,,
,adiaceō,adiacēre,adiacuī,adiacitum,II,,,
,adiciō,adicere,adiēcī,adiectum,III,,,
,adiungō,adiungere,adiunxī,adiunctum,III,,,
,adiūrō,adiūrāre,adiūrāvī,adiūrātum,I,,,
,adiuvō,adiuvāre,adiūvī,adiūtum,I,,,
,admittō,admittere,admīsī,admīssum,III,,,
,admoveō,admovēre,admōvī,admōtum,II,,,
,adōrō,adōrāre,adōrāvī,adōrātum,I,,"worship, pray to, adore",
,adsum,adesse,adfuī,adfutūrus,Irregular,Active Only,"be near, be present",
,adulor,adulārī,adulātus sum,,I,Deponent,"flatter, fawn over",
,advehō,advehere,advexī,advectum,III,,,
,adveniō,advenīre,advēnī,adventum,IV,,"arrive, approach, come toward",
,advertō,advertere,advertī,adversum,III,,,
,advocō,advocāre,advocāvī,advocātum,I,,,
,advolō,advolāre,advolāvī,advolātum,I,,,
,advolvō,advolvere,advolvī,advolūtum,III,,,
,aedificō,aedificāre,aedificāvī,aedificātum,I,,build,
,afferō,afferre,attulī,allātum,Irregular,,,
,afficiō,afficere,affēcī,affectum,III-i,,,
,aggerō,aggerere,aggessī,aggestum,III,,,
,aggredior,aggredī,aggressus sum,,III-i,Deponent,,
,aggregō,aggregāre,aggregāvī,aggregātum,I,,,
,agnōscō,agnōscere,agnōvī,agnitum,III,,,
,agō,agere,ēgī,actum,III,,"do, drive",
,allegō,allegere,allēgī,allēctum,III,,,
,allevō,allevāre,allevāvī,allevātum,I,,,
,allocō,allocāre,allocāvī,allocātum,I,,,
,alloquor,alloquī,allocūtus sum,,III,Deponent,,
,allūdō,allūdere,allūsī,allūsum,III,,,
,ambulō,ambulāre,ambulāvī,ambulātum,I,,walk,
,āmittō,āmittere,āmīsī,āmissum,III,,"lose, send away",
,amō,amāre,amāvī,amātum,I,,love,
,āmoveō,āmovēre,āmōvī,āmōtum,II,,,
,annūntiō,annūntiāre,annūntiāvī,annūntiātum,I,,,
,anteveniō,antevenīre,antevēnī,anteventum,IV,,,
,antevolō,antevolāre,antevolāvī,,I,Active only,,
,aperiō,aperīre,aperuī,apertum,IV,,open,
,appāreō,appārēre,appāruī,appāritum,II,Active only,,
,apparō,apparāre,apparāvī,apparātum,I,,"prepare for a purpose, equip",
,appellō,appellāre,appellāvī,appellātum,I,,"call, name",
,appellō,appellere,appulī,appulsum,III,,,
,appetō,appetere,appetīvī,appetītum,III,,,
,appōnō,appōnere,apposuī,appositum,III,,,
,apportō,apportāre,apportāvī,apportātum,I,,,
,apprecor,apprecārī,apprecātus sum,,I,Deponent,,
,appropinquō,appropinquāre,appropinquāvī,appropinquātum,I,,"approach, draw near",
,appugnō,appugnāre,appugnāvī,appugnātum,I,,,
,apputō,apputāre,apputāvī,apputātum,I,,,
,arbitror,arbitrārī,arbitrātus sum,,I,Deponent,"think, consider, judge",
,arcuō,arcuāre,arcuāvī,arcuātum,I,,"bend in an arc, curve",
,ārdeō,ārdēre,ārsī,ārsum,II,,"burn, be on fire",
,arrideō,arridēre,arrīsī,arrīsum,II,,,
,arripiō,arripere,arripuī,arreptum,III-i,,,
,arrogō,arrogāre,arrogāvī,arrogātum,I,,,
,ascrībō,ascrībere,ascrīpsī,ascrīptum,III,,,
,aspectō,aspectāre,aspectāvī,aspectātum,I,,,
,aspergō,aspergere,aspersī,aspersum,III,,,
,aspīrō,aspīrāre,aspīrāvī,aspīrātum,I,,,
,assentiō,assentīre,assēnsī,assēnsum,IV,,,
,assequor,assequī,assecūtus sum,,III,Deponent,,
,asservō,asservāre,asservāvī,asservātum,I,,,
,assideō,assidēre,assēdī,assessum,II,,,
,astituō,astituere,astituī,astitūtum,III,,,
,astō,astāre,astitī,,I,,,
,astruō,astruere,astrūxī,astrūctum,III,,,
,attemptō,attemptāre,attemptāvī,attemptātum,I,,,
,attestor,attestārī,attestātus sum,,I,Deponent,,
,attingō,attingere,attigī,attāctum,III,,,
,attrahō,attrahere,attrāxī,attractum,III,,,
,audeō,audēre,ausus sum,,II,Semi-Deponent,"dare, be bold",
,audiō,audīre,audīvī,audītum,IV,,"hear, listen to",
,auferō,auferre,abstulī,ablātum,Irregular,,,
,aufugiō,aufugere,aufūgī,aufugitum,III-i,,,
,augeō,augēre,auxī,auctum,II,,"add to, increase",
,āvertō,āvertere,āvertī,āversum,III,,,
,āvocō,āvocāre,āvocāvī,āvocātum,I,,,
,bibō,bibere,bibī,bibitum,III,,"drink, imbibe",
,blandior,blandīrī,blandītus sum,,IV,Deponent,"fallter, fawn, delude",
,cadō,cadere,cecidī,cāsum,III,,"fall, happen",
,caedō,caedere,cecīdī,caesum,III,,"cut, strike",
,capiō,capere,cēpī,captum,III-i,,"take, capture",
,cēdō,cēdere,cessi,cessum,III,,"yield, go, move",
,cēlō,cēlāre,cēlāvī,cēlātum,I,,"hide, conceal",
,cēnō,cēnāre,cēnāvī,cēnātum,I,,dine,
,cēnseō,cēnsēre,cēnsī,cēnsum,II,,count,
,circumiaceō,circumiacēre,circumiacuī,circumiacitum,II,,,
,circumscrībō,circumscrībere,circumscrīpsī,circumscrīptum,III,,,
,circumsedeō,circumsedēre,circumsēdī,circumsessum,II,,,
,circumspectō,circumspectāre,circumspectāvī,circumspectātum,I,,,
,circumstō,circumstāre,circumstitī,,I,,,
,circumveniō,circumvenīre,circumvēnī,circumventum,IV,,,
,circumvolvō,circumvolvere,circumvolvī,circumvolūtum,III,,,
,clāmō,clāmāre,clāmāvī,clāmātum,I,,"shout, cry out",
,clārō,clārāre,clārāvī,clārātum,I,,"make clear, clarify",
,claudō,claudere,clausī,clausum,III,,,
,coeō,coīre,coīvī,coītum,Irregular,Active Only,"assemble, unite, go together",
,cōgitō,cōgitāre,cōgitāvī,cōgitātum,I,,"think, ponder",
,cognōscō,cognoscere,cognōvī,cognitum,III,,"recognize, learn",
,cōgō,cōgere,coēgī,coāctum,III,,"force, compel",
,cōhortor,cōhortārī,cōhortātus sum,,I,Deponent,,
,collābōrō,collābōrāre,collābōrāvī,collābōrātum,I,,,
,colligō,colligere,collēgī,collēctum,III,,,
,collocō,collocāre,collocāvī,collocātum,I,,,
,collūdō,collūdere,collūsī,collūsum,III,,,
,commaneō,commanēre,commānsī,commānsum,II,,,
,committō,committere,commīsī,commissum,III,,"connect, put together",
,commoveō,commovēre,commōvī,commōtum,II,,,
,compāreō,compārēre,compāruī,compāritum,II,Active only,,
,compellõ,compellere,compulī,compulsum,III,,,
,competō,competere,competīvī,competītum,III,,,
,compleō,complēre,complēvī,complētum,II,,,
,compōnō,compōnere,composuī,compositum,III,,,
,comportō,comportāre,comportāvī,comportātum,I,,,
,compugnō,compugnāre,compugnāvī,compugnātum,I,,,
,computō,computāre,computāvī,computātum,I,,,
,cōncēdō,cōncēdere,cōncessī,cōncessum,III,,,
,concidō,concidere,concidī,,III,Active Only,,
,concipiō,concipere,concēpī,conceptum,III-i,,,
,cōnclāmō,cōnclāmāre,cōnclāmāvī,cōnclāmātum,I,,,
,cōncurrō,cōncurrere,cōncurrī,cōncursum,III,,,
,concutiō,concutere,concussī,concussum,III-i,,,
,condō,condere,condidī,conditum,III,,,
,cōndūcō,cōndūcere,cōndūxī,cōnductum,III,,,
,cōnferō,cōnferre,cōntulī,cōllātum,Irregular,,,
,conficiō,conficere,confēcī,confectum,III-i,,"accomplish, complete",
,cōnfīdō,cōnfīdere,cōnfīsus sum,,III,Semi-Deponent,,
,conformō,conformāre,conformāvī,conformātum,I,,,
,confugiō,confugere,confūgī,confugitum,III-i,,,
,congerō,congerere,congessī,congestum,III,,,
,congredior,congredī,congressus sum,,III-i,Deponent,,
,congregō,congregāre,congregāvī,congregātum,I,,,
,coniciō,conicere,coniēcī,coniectum,III-i,,hurl,
,coniciō,conicere,coniēcī,coniectum,III,,,
,coniungō,coniungere,coniunxī,coniunctum,III,,,
,coniūrō,coniūrāre,coniūrāvī,coniūrātum,I,,,
,cōnor,cōnārī,cōnātus sum,,I,Deponent,try,
,conquīrō,conquīrere,conquīsīvī,conquīsītum,III,,,
,conscribō,conscribere,conscrīpsī,conscrīptum,III,,"draft, enlist",
,cōnscrībō,cōnscrībere,cōnscrīpsī,cōnscrīptum,III,,,
,cōnsecō,cōnsecāre,cōnsecāvī,cōnsectum,I,,,
,consentiō,consentīre,consēnsī,consēnsum,IV,,"agree, feel the same",
,cōnsentiō,cōnsentīre,cōnsēnsī,cōnsēnsum,IV,,,
,cōnsequor,cōnsequī,cōnsecūtus sum,,III,Deponent,,
,cōnservō,cōnservāre,cōnservāvī,cōnservātum,I,,,
,cōnsipiō,cōnsipere,cōnsipuī,,III-i,Active only,,
,cōnspiciō,cōnspicere,cōnspēxī,cōnspectum,III-i,,,
,cōnspīrō,cōnspīrāre,cōnspīrāvī,cōnspīrātum,I,,,
,constituō,constituere,constituī,constitūtum,III,,"set up, decide, determine",
,cōnstō,cōnstāre,cōnstitit,,I,,,
,cōnstruō,cōnstruere,cōnstrūxī,cōnstrūctum,III,,,
,contestor,contestārī,contestātus sum,,I,Deponent,,
,conticeō,conticēre,conticuī,,II,Active only,,
,contingō,contingere,contigī,contāctum,III,,,
,contrādīcō,contrādīcere,contrādīxī,contrādictum,III,,,"Pres. Act. Imperatives contrādīc, contrādīcite"
,contrahō,contrahere,contrāxī,contractum,III,,,
,contrāstō,contrāstāre,contrāstāvī,,I,,,
,convehō,convehere,convexī,convectum,III,,,
,conveniō,convenīre,convēnī,conventum,IV,,"gather, come together",
,convertō,convertere,convertī,conversum,III,,,
,convincō,convincere,convīcī,convictum,III,,,
,cōnvocō,cōnvocāre,cōnvocāvī,cōnvocātum,I,,,
,convolvō,convolvere,convolvī,convolūtum,III,,,
,coquō,coquere,coxī,coctum,III,,cook,
,corrideō,corridēre,corrīsī,corrīsum,II,,,
,corrigō,corrigere,corrēxī,corrēctum,III,,,
,corripiō,corripere,corripuī,correptum,III-i,,,
,crēdō,crēdere,crēdidī,crēditum,III,,believe,w/ Dative
,crēscō,crēscere,crēvī,crētum,III,,grow,
,cupiō,cupere,cupīvī,cupītum,III-i,,"want, desire",
,cūrō,curāre,cūrāvī,cūrātum,I,,"care, care for",
,curro,currere,cucurrī,cursum,III,,run,
,custōdiō,custōdīre,custōdīvī,custōdītum,IV,,"supervise, protect",
,damnō,damnāre,damnāvī,damnātum,I,,condemn,
,dēbeō,dēbēre,dēbuī,dēbitum,II,,"owe, ought",
,dēcēdō,dēcēdere,dēcessī,dēcessum,III,,,
,decet,decēre,decuit,,II,Impersonal,"be proper, be appropriate",
,dēcidō,dēcidere,dēcidī,,III,Active Only,,
,dēcīdō,dēcīdere,dēcīdī,dēcīsum,III,,,
,dēcipiō,dēcipere,dēcēpī,dēceptum,III-i,,"deceive, lead astray",
,dēclāmō,dēclāmāre,dēclāmāvī,dēclāmātum,I,,,
,dēclārō,dēclārāre,dēclārāvī,dēclārātum,I,,"make clear, declare",
,dēcrēscō,dēcrēscere,dēcrēvī,dēcrētum,III,,,
,dēcurrō,dēcurrere,dēcurrī,dēcursum,III,,,
,dēcutiō,dēcutere,dēcussī,dēcussum,III-i,,,
,dēdīcō,dēdīcere,dēdīxī,dēdictum,III,,,"Pres. Act. Imperatives dēdīc, dēdīcite"
,dēdūcō,dēdūcere,dēdūxī,dēductum,III,,,
,deeō,deīre,deīvī,deītum,Irregular,Active Only,,Alternative third part deiī
,dēferō,dēferre,dētulī,dēlātum,Irregular,,,
,dēficiō,dēficere,dēfēcī,dēfectum,III-i,,"lack, be lacking",
,dēficiō,dēficere,dēfēcī,dēfectum,III-i,,,
,dēformō,dēformāre,dēformāvī,dēformātum,I,,,
,dēfugiō,dēfugere,dēfūgī,dēfugitum,III-i,,,
,dēgerō,dēgerere,dēgessī,dēgestum,III,,,
,dēgredior,dēgredī,dēgressus sum,,III-i,Deponent,,
,dēgregō,dēgregāre,dēgregāvī,dēgregātum,I,,,
,dēhortor,dēhortārī,dēhortātus sum,,I,Deponent,,
,dēiciō,dēicere,dēiēcī,dēiectum,III,,,
,dēiuvō,dēiuvāre,dēiūvī,dēiūtum,I,,,
,dēligō,dēligere,dēlēgī,dēlēctum,III,,,
,dēlūdō,dēlūdere,dēlūsī,dēlūsum,III,,,
,dēmittō,dēmittere,dēmīsī,dēmīssum,III,,,
,dēmōnstrō,dēmōnstrāre,dēmōnstrāvī,dēmōnstrātum,I,,,
,dēmoveō,dēmovēre,dēmōvī,dēmōtum,II,,,
,dēnegō,dēnegāre,dēnegāvī,dēnegātum,I,,,
,dēnūntiō,dēnūntiāre,dēnūntiāvī,dēnūntiātum,I,,,
,dēpellō,dēpellere,dēpulī,dēpulsum,III,,,
,dēpleō,dēplēre,dēplēvī,dēplētum,II,,,
,dēpōnō,dēpōnere,dēposuī,dēpositum,III,,,
,dēportō,dēportāre,dēportāvī,dēportātum,I,,,
,dëprecor,dëprecārī,dëprecātus sum,,I,Deponent,,
,dēpugnō,dēpugnāre,dēpugnāvī,dēpugnātum,I,,,
,dēputō,dēputāre,dēputāvī,dēputātum,I,,,
,dērideō,dēridēre,dērīsī,dērīsum,II,,,
,dērogō,dērogāre,dērogāvī,dērogātum,I,,,
,dēscrībō,dēscrībere,dēscrīpsī,dēscrīptum,III,,,
,dēsecō,dēsecāre,dēsecāvī,dēsectum,I,,,
,dēservō,dēservāre,dēservāvī,dēservātum,I,,,
,dēsideō,dēsidēre,dēsēdī,dēsessum,II,,,
,dēsipiō,dēsipere,dēsipuī,,III-i,Active only,,
,dēspectō,dēspectāre,dēspectāvī,dēspectātum,I,,,
,dēstituō,dēstituere,dēstituī,dēstitūtum,III,,,
,dēstruō,dēstruere,dēstrūxī,dēstrūctum,III,,,
,dētestor,dētestārī,dētestātus sum,,I,Deponent,,
,dētrahō,dētrahere,dētrāxī,dētractum,III,,,
,dēūtor,dēūtī,dēūsus sum,,III,Deponent,,w/ Ablative
,dēveniō,dēveniō,dēveniō,dēveniō,III,,,
,dēveniō,dēvenīre,dēvēnī,dēventum,IV,,,
,dēvincō,dēvincere,dēvīcī,dēvictum,III,,,
,dēvocō,dēvocāre,dēvocāvī,dēvocātum,I,,,
,dēvolō,dēvolāre,dēvolāvī,dēvolātum,I,,,
,dēvolvō,dēvolvere,dēvolvī,dēvolūtum,III,,,
,dīcō,dīcere,dīxī,dīctum,III,,"say, tell","Pres. Act. Imperatives dīc, dīcite"
,differō,differre,distulī,dīlātum,Irregular,,,
,diffīdō,diffīdere,diffīsus sum,,III,Semi-Deponent,,
,diffringō,diffringere,diffrēgī,diffrāctum,III,,,
,diffugiō,diffugere,diffūgī,diffugitum,III-i,,,
,dīgredior,dīgredī,dīgressus sum,,III-i,Deponent,,
,dīmittō,dīmittere,dīmīsī,dīmīssum,III,,,
,dīmoveō,dīmovēre,dīmōvī,dīmōtum,II,,,
,dīnōscō,dīnōscere,dīnōvī,dīnōtum,III,,,
,dīrigō,dīrigere,dīrēxī,dīrēctum,III,,,
,dīripiō,dīripere,dīripuī,dīreptum,III-i,,,
,disco,discere,didicī,discitum,III,,learn,
,discutiō,discutere,discussī,discussum,III-i,,,
,disiungō,disiungere,disiunxī,disiunctum,III,,,
,dispellō,dispellere,dispulī,dispulsum,III,,,
,dispergō,dispergere,dispersī,dispersum,III,,,
,dispōnō,dispōnere,disposuī,dispositum,III,,,
,disputō,disputāre,disputāvī,disputātum,I,,,
,dissecō,dissecāre,dissecāvī,dissectum,I,,,
,dissentiō,dissentīre,dissēnsī,dissēnsum,IV,,,
,dissolvō,dissolvere,dissolvī,dissolūtum,III,,,
,distingō,distingere,distigī,distāctum,III,,,
,dīstō,dīstāre,dīstitī,,I,,,
,distrahō,distrahere,distrāxī,distractum,III,,,
,dīvagor,dīvagārī,dīvagātus sum,,I,Deponent,,
,dīvertō,dīvertere,dīvertī,dīversum,III,,,
,dō,dare,dedī,datum,I,,give,
,doceō,docēre,docuī,doctum,II,,teach,
,doleō,dolēre,doluī,dolitum,II,,"hurt, suffer grieve",
,dōnō,donāre,dōnāvī,dōnātum,I,,"grant, give",
,dormiō,dormīre,dormīvī,dormītum,IV,,sleep,
,dūcō,dūcere,dūxī,ductum,III,,"lead, bring, take along","Pres. Act. Imperatives duc, ducite"
,ēdīcō,ēdīcere,ēdīxī,ēdictum,III,,,"Pres. Act. Imperatives ēdīc, ēdīcite"
,edō,edere,ēdī,ēsum,III,,eat,
,ēdō,ēdere,ēdidī,ēditum,III,,,
,ēdūcō,ēdūcere,ēdūxī,ēductum,III,,,
,efferō,efferre,extulī,ēlātum,Irregular,,,
,efficiō,efficere,effēcī,effectum,III-i,,,
,effugiō,effugere,effūgī,effugitum,III-i,,,
,ēgredior,ēgredī,ēgressus sum,,III-i,Deponent,,
,ēgregō,ēgregāre,ēgregāvī,ēgregātum,I,,,
,ēlābōrō,ēlābōrāre,ēlābōrāvī,ēlābōrātum,I,,,
,ēlevō,ēlevāre,ēlevāvī,ēlevātum,I,,,
,ēloquor,ēloquī,ēlocūtus sum,,III,Deponent,,
,ēmaneō,ēmanēre,ēmānsī,ēmānsum,II,,,
,ēmoveō,ēmovēre,ēmōvī,ēmōtum,II,,,
,ēnūntiō,ēnūntiāre,ēnūntiāvī,ēnūntiātum,I,,,
,eō,īre,īvī,ītum,Irregular,Active Only,go,
,equitō,equitāre,equitāvī,equitātum,I,,ride a horse,
,ērigō,ērigere,ērēxī,ērēctum,III,,,
,ēripiō,ēripere,ēripuī,ēreptum,III-i,,,
,errō,errāre,errāvī,errātum,I,,"wander, err, make a mistake",
,ēscrībō,ēscrībere,ēscrīpsī,ēscrīptum,III,,,
,ēsuriō,ēsurīre,ēsurīvī,ēsurītum,IV,,be hungry,
,ēvagor,ēvagārī,ēvagātus sum,,I,Deponent,,
,ēvehō,ēvehere,ēvexī,ēvectum,III,,,
,ēveniō,ēvenīre,ēvēnī,ēventum,IV,,,
,ēvertō,ēvertere,ēvertī,ēversum,III,,,
,ēvincō,ēvincere,ēvīcī,ēvictum,III,,,
,ēvocō,ēvocāre,ēvocāvī,ēvocātum,I,,,
,ēvolō,ēvolāre,ēvolāvī,ēvolātum,I,,,
,ēvolvō,ēvolvere,ēvolvī,ēvolūtum,III,,,
,excēdō,excēdere,exzcessī,exzcessum,III,,,
,excidō,excidere,excidī,,III,Active Only,,
,excīdō,excīdere,excīdī,excīsum,III,,,
,excipiō,excipere,excēpī,exceptum,III-i,,,
,exclāmō,exclāmāre,exclāmāvī,exclāmātum,I,,,
,excrēscō,excrēscere,excrēvī,excrētum,III,,,
,excurrō,excurrere,excurrī,excursum,III,,,
,exeō,exīre,exīvī,exītum,Irregular,Active Only,,Alternative third part exiī
,exerceō,exercēre,exercuī,exercitum,II,,"train, exercise",
,exhibeō,exhibēre,exhibuī,exhibitum,II,,,
,exhortor,exhortārī,exhortātus sum,,I,Deponent,,
,exiciō,exicere,exiēcī,exiectum,III,,,
,exiūrō,exiūrāre,exiūrāvī,exiūrātum,I,,,
,expellō,expellere,expulī,expulsum,III,,,
,experior,experīrī,expertus sum,,IV,Deponent,"attempt, find out, experience",
,expetō,expetere,expetīvī,expetītum,III,,,
,expleō,explēre,explēvī,explētum,II,,,
,expōnō,expōnere,exposuī,expositum,III,,,
,exportō,exportāre,exportāvī,exportātum,I,,,
,exputō,exputāre,exputāvī,exputātum,I,,,
,exquīrō,exquīrere,exquīsīvī,exquīsītum,III,,,
,exsecō,exsecāre,exsecāvī,exsectum,I,,,
,exsequor,exsequī,exsecūtus sum,,III,Deponent,,
,exsolvō,exsolvere,exsolvī,exsolūtum,III,,,
,exspectō,exspectāre,exspectāvī,exspectātum,I,,,
,exspīrō,exspīrāre,exspīrāvī,exspīrātum,I,,,
,exstō,exstāre,exstitī,,I,,,
,extrahō,extrahere,extrāxī,extractum,III,,,
,extrāvagor,extrāvagārī,extrāvagātus sum,,I,Deponent,,
,fābulor,fabulārī,fābulātus sum,,I,Deponent,tell fictional stories,
,faciō,facere,fēcī,factum,III-i,,"make, do","Pres. Act. Imperatives fac, facite"
,fallō,fallere,fefellī,falsum,III,,"deceive, trick, beguile",
,fateor,fatērī,fassus sum,,II,Deponent,"confess, acknowledge",
,faveō,favēre,fāvī,fautum,II,,favor,
,ferō,ferre,tūlī,lātum,Irregular,,"carry, bear, bring","Pres. Act. Imperatives fer, ferte"
,fīdō,fidere,fīsus sum,,III,Semi-Deponent,"trust, have faith in",
,fīniō,fīnīre,fīnīvī,fīnītum,IV,,"end, finish, bound",
,fiō,fiērī,factus sum,,Irregular,Semi-Deponent,"become, be made",
,for,fārī,fātus sum,,I,Deponent,"say, speak up",
,formō,formāre,formāvī,formātum,I,,"form, shape",
,frangō,frangere,frēgī,frāctum,III,,break,
,fruor,fruī,frūctus sum,,III,Deponent,"enjoy, engage in",w/ Ablative
,fugiō,fugere,fūgī,fūgitum,III-i,,"flee, run away",
,fungor,fungī,fūnctus sum,,III,Deponent,"work correctly, function",w/ Ablative
,fūror,fūrārī,fūrātus sum,,I,Deponent,steal,
,gaudeō,gaudēre,gāvīsus sum,,II,Semi-Deponent,"rejoice, be joyful",
,gerō,gerere,gessī,gestum,III,,"carry, bear, carry on",
,gradior,gradī,grassus sum,,III-i,Deponent,step,
,gregō,gregāre,gregāvī,gregātum,I,,"herd together, assemble",
,habeō,habēre,habuī,habitum,II,,have,
,habitō,habitāre,habitāvī,habitātum,I,,"dwell, live (in)",
,horreō,horrēre,horruī,horritum,II,,"shiver, quake",
,hortor,hortārī,hortātus sum,,I,Deponent,encourage,
,iaceō,iacēre,iacuī,iacitum,II,,"lie, occupy space",
,iaciō,iacere,iēcī,iactum,III-i,,"throw, toss",
,īgniō,īgnīre,īgnīvī,īgnītum,IV,,"set afire, burn",
,illūdō,illūdere,illūsī,illūsum,III,,,
,immaneō,immanēre,immānsī,immānsum,II,,,
,immoveō,immovēre,immōvī,immōtum,II,,,
,impediō,impedīre,impedīvī,impedītum,IV,,hinder,
,impellō,impellere,impulī,impulsum,III,,,
,imperō,imperāre,imperāvī,imperātum,I,,command,w/ Dative
,impetō,impetere,impetīvī,impetītum,III,,,
,impleō,implēre,implēvī,implētum,II,,,
,impōnō,impōnere,imposuī,impositum,III,,,
,importō,importāre,importāvī,importātum,I,,,
,imprecor,imprecārī,imprecātus sum,,I,Deponent,,
,impugnō,impugnāre,impugnāvī,impugnātum,I,,,
,imputō,imputāre,imputāvī,imputātum,I,,,
,incēdō,incēdere,incessī,incessum,III,,,
,incidō,incidere,incidī,,III,Active Only,,
,incipiō,incipere,incēpī,inceptum,III-i,,"begin, take on",
,incrēscō,incrēscere,incrēvī,incrētum,III,,,
,incurrō,incurrere,incurrī,incursum,III,,,
,incutiō,incutere,incussī,incussum,III-i,,,
,indicō,indicāre,indicāvī,indicātum,I,,point to,
,indīcō,indīcere,indīxī,indictum,III,,,"Pres. Act. Imperatives indīc, indīcite"
,indūcō,indūcere,indūxī,inductum,III,,,
,ineō,inīre,inīvī,inītum,Irregular,Active Only,,Alternative third part iniī
,inferō,inferre,intulī,illātum,Irregular,,,
,inficiō,inficere,infēcī,infectum,III-i,,,
,informō,informāre,informāvī,informātum,I,,,
,īnfringō,īnfringere,īnfrēgī,īnfrāctum,III,,,
,infugiō,infugere,infūgī,infugitum,III-i,,,
,ingredior,ingredī,ingressus sum,,III-i,Deponent,,
,inhibeō,inhibēre,inhibuī,inhibitum,II,,,
,inhortor,inhortārī,inhortātus sum,,I,Deponent,,
,iniciō,inicere,iniēcī,iniectum,III,,,
,innovō,innovāre,innovāvī,innovātum,I,,,
,inquīrō,inquīrere,inquīsīvī,inquīsītum,III,,,
,inscrībō,inscrībere,inscrīpsī,inscrīptum,III,,,
,insecō,insecāre,insecāvī,insectum,I,,,
,insequor,insequī,insecūtus sum,,III,Deponent,,
,inservō,inservāre,inservāvī,inservātum,I,,,
,insideō,insidēre,insēdī,insessum,II,,,
,inspiciō,inspicere,inspēxī,inspectum,III-i,,,
,inspīrō,inspīrāre,inspīrāvī,inspīrātum,I,,,
,instituō,instituere,instituī,institūtum,III,,,
,instō,instāre,institī,,I,,,
,instruō,instruere,instrūxī,instrūctum,III,,"build onto, instruct",
,intellegō,intellegere,intellēxī,intellēctum,III,,understand,
,intercidō,intercidere,intercidī,,III,Active Only,,
,intereō,interīre,interīvī,interītum,Irregular,Active Only,,Alternative third part interiī
,interferō,interferre,intertulī,interlātum,Irregular,,,
,interficiō,interficere,interfēcī,interfectum,III-i,,kill,
,intergerō,intergerere,intergessī,intergestum,III,,,
,interiaceō,interiacēre,interiacuī,interiacitum,II,,,
,intericiō,intericere,interiēcī,interiectum,III,,,
,interlūdō,interlūdere,interlūsī,interlūsum,III,,,
,intermaneō,intermanēre,intermānsī,intermānsum,II,,,
,intermittō,intermittere,intermīsī,intermīssum,III,,,
,internōscō,internōscere,internōvī,internōtum,III,,,
,internūntiō,internūntiāre,internūntiāvī,internūntiātum,I,,,
,interpellō,interpellere,interpulī,interpulsum,III,,,
,interpōnō,interpōnere,interposuī,interpositum,III,,,
,interportō,interportāre,interportāvī,interportātum,I,,,
,interrogō,interrogāre,interrogāvī,interrogātum,I,,,
,intersecō,intersecāre,intersecāvī,intersectum,I,,,
,interstō,interstāre,interstetī,,I,,,
,interstruō,interstruere,interstrūxī,interstrūctum,III,,,
,intersum,interesse,interfuī,interfutūrus,Irregular,Active Only,be of interest,
,interveniō,intervenīre,intervēnī,interventum,IV,,,
,intervertō,intervertere,intervertī,interversum,III,,,
,intervolō,intervolāre,intervolāvī,intervolātum,I,Active only,,
,intestor,intestārī,intestātus sum,,I,Deponent,,
,intrahō,intrahere,intrāxī,intractum,III,,,
,intrōdūcō,intrōdūcere,intrōdūxī,intrōductum,III,,,
,inveniō,invenīre,invēnī,inventum,IV,,"find, discover, come across",
,invertō,invertere,invertī,inversum,III,,,
,invocō,invocāre,invocāvī,invocātum,I,,,
,involō,involāre,involāvī,involātum,I,,,
,involvō,involvere,involvī,involūtum,III,,,
,īrāscor,īrāscī,īrātus sum,,III,Deponent,be angry,
,irrideō,irridēre,irrīsī,irrīsum,II,,,
,irrogō,irrogāre,irrogāvī,irrogātum,I,,,
,iubeō,iubēre,iussī,iussum,II,,order,
,iūdicō,iūdicāre,iūdicāvī,iūdicātum,I,,"judge, deem",
,iungō,iungere,iūnxī,iūnctum,III,,"join, yoke",
,iūrō,iūrāre,iūrāvī,iūrātum,I,,swear,
,iuvō,iuvāre,iūvī,iūtum,I,,"help, assist",
,lābor,lābī,lāpsus sum,,III,Deponent,"slip, fall",
,lābōrō,lābōrāre,lābōrāvī,lābōrātum,I,,"work, suffer",
,largior,largīrī,largītus sum,,IV,Deponent,"bestow, be generous",
,laudō,laudāre,laudāvī,laudātum,I,,praise,
,lavō,lavāre,lāvī,lautum,I,,wash,
,legō,legere,lēgī,lēctum,III,,"read, gather, collect",
,levō,levāre,levāvī,levātum,I,,"lift, raise, lighten",
,līberō,līberāre,līberāvī,līberātum,I,,"free, set free",
,liceor,licērī,licitus sum,,II,Deponent,"bid for, value",
,licet,licēre,licuit,,II,Impersonal,be permitted,
,liquor,liquī,,,III,Deponent,flow,
,lītigō,lītigāre,lītigāvī,lītigātum,I,,"sue, bring to court",
,locō,locāre,locāvī,locātum,I,,"place, put in place",
,loquor,loquī,locūtus sum,,III,Deponent,"speak, talk, converse",
,luceō,lucēre,lūxī,,II,,"shine, glow",
,lūdō,lūdere,lūsī,lūsum,III,,play,
,maneō,manēre,mānsī,mānsum,II,,"stay, remain",
,mentior,mentīrī,mentītus sum,,IV,Deponent,"lie, tell a lie",
,mercor,mercārī,mercātus sum,,I,Deponent,"trade, sell",
,mereor,merērī,meritus sum,,II,Deponent,"earn, deserve",
,mētior,mētīrī,mēnsus sum,,IV,Deponent,measure,
,minor,minārī,minātus sum,,I,Deponent,threaten,
,misereor,miserērī,misertus sum,,II,Deponent,"be woeful, be in misery",
,mittō,mittere,mīsī,missum,III,,send,
,moneō,monēre,monuī,monitum,II,,"warn, advise",
,mōnstrō,mōnstrāre,mōnstrāvī,mōnstrātum,I,,"show, point out",
,mordeō,mordēre,momordī,morsum,II,,"bite, gnaw",
,morior,morī,mortuus sum,,III,Deponent,die,
,moveō,movēre,mōvī,mōtum,II,,move,
,mūniō,mūnīre,mūnīvī,mūnītum,IV,,"fortify, build up",
,mūtō,mūtāre,mūtāvī,mūtātum,I,,change,
,narro,narrāre,narrāvī,narrātum,I,,"tell, relate",
,nascor,nascī,nātus sum,,III,Deponent,be born,
,natō,natāre,natāvī,natātum,I,,"swim, float",
,nāvigō,nāvigāre,nāvigāvī,nāvigātum,I,,sail,
,nēcō,nēcāre,nēcāvī,nēcātum,I,,"kill, slaughter",
,neglegō,neglegere,neglēgī,neglēctum,III,,,
,negō,negāre,negāvī,negātum,I,,"deny, refuse",
,negōtior,negōtiārī,negōtiātus sum,,I,Deponent,"do business, not be lazy",
,ningit,ningere,ninxit,,III,Impersonal,snow,
,noceō,nocēre,nocuī,nocitum,II,,harm,w/ Dative
,nōlō,nōlle,nōluī,,Irregular,Active Only,not want,
,nōminō,nōmināre,nōmināvī,nōminātum,I,,"name, give a name to",
,nōscō,nōscere,nōvī,nōtum,III,,"recognize, learn",
,novō,novāre,novāvī,novātum,I,,"make new, renew",
,numerō,numerāre,numerāvī,numerātum,I,,"count, give a number to",
,nūntiō,nūntiāre,nūntiāvī,nūntiātum,I,,"announce, report",
,obeō,obīre,obīvī,obītum,Irregular,Active Only,,Alternative third part obiī
,obiaceō,obiacēre,obiacuī,obiacitum,II,,,
,obiciō,obicere,obiēcī,obiectum,III,,,
,oblīvīscor,oblīvīscī,oblītus sum,,III,Deponent,forget,
,oblocō,oblocāre,oblocāvī,oblocātum,I,,,
,obnūntiō,obnūntiāre,obnūntiāvī,obnūntiātum,I,,,
,obrogō,obrogāre,obrogāvī,obrogātum,I,,,
,obscūrō,obscūrāre,obscūrāvī,obscūrātum,I,,"make dark, conceal",
,observō,observāre,observāvī,observātum,I,,,
,obsideō,obsidēre,obsēdī,obsessum,II,,,
,obstō,obstāre,obstitī,,I,,,
,obstruō,obstruere,obstrūxī,obstrūctum,III,,,
,obticeō,obticēre,obticuī,,II,Active only,,
,obtingō,obtingere,obtigī,obtāctum,III,,,
,obveniō,obvenīre,obvēnī,obventum,IV,,,
,obvertō,obvertere,obvertī,obversum,III,,,
,obvolvō,obvolvere,obvolvī,obvolūtum,III,,,
,occidō,occidere,occidī,occāsum,III,,"fall, die",
,occīdō,occīdere,occīdī,occīsum,III,,"cut up, kill",
,occupō,occupāre,occupāvī,occupātum,I,,seize,
,officiō,officere,offēcī,offectum,III-i,,,
,oportet,oportēre,oportuit,,II,Impersonal,be necessary,
,oppleō,opplēre,opplēvī,opplētum,II,,,
,oppōnō,oppōnere,opposuī,oppositum,III,,,
,oppportō,oppportāre,oppportāvī,oppportātum,I,,,
,oppugnō,oppugnāre,oppugnāvī,oppugnātum,I,,attack,
,ōrdinō,ōrdināre,ōrdināvī,ōrdinātum,I,,"order, place in order",
,orior,orīrī,ortus sum,,IV,Deponent,"rise, arise",
,ōrō,ōrāre,ōrāvī,ōrātum,I,,"pray, plead, speak out",
,ōsculor,ōsculārī,ōsculātus sum,,I,Deponent,kiss,
,ostendō,ostendere,ostendī,ostentum,III,,"show, show off",
,ōtior,ōtiārī,ōtiātus sum,,IV,Deponent,"be lazy, be at leisure",
,pāreō,pārēre,pāruī,pāritum,II,,obey,w/ Dative
,partior,partīrī,partītus sum,,IV,Deponent,"share, divide, distribute",
,patior,patī,passus sum,,III,Deponent,"suffer, endure, allow",
,pellō,pellere,pepulī,pulsum,III,,"push, drive",
,percipiō,percipere,percēpī,perceptum,III-i,,,
,percutiō,percutere,percussī,percussum,III-i,,,
,perdō,perdere,perdidī,perditum,III,,,
,perdūcō,perdūcere,perdūxī,perductum,III,,,
,pereō,perīre,perīvī,perītum,Irregular,,"go through, perish, die",
,perficiō,perficere,perfēcī,perfectum,III-i,,complete,
,perfīdō,perfīdere,perfīsus sum,,III,Semi-Deponent,,
,performō,performāre,performāvī,performātum,I,,,
,perfugiō,perfugere,perfūgī,perfugitum,III-i,,,
,pergō,pergere,perrēxī,perrēctum,III,,,
,periciō,pericere,periēcī,periectum,III,,,
,periūrō,periūrāre,periūrāvī,periūrātum,I,,,
,permaneō,permanēre,permānsī,permānsum,II,,,
,permittō,permittere,permīsī,permīssum,III,,,
,permoveō,permovēre,permōvī,permōtum,II,,,
,pernegō,pernegāre,pernegāvī,pernegātum,I,,,
,pernōscō,pernōscere,pernōvī,pernōtum,III,,,
,perquīrō,perquīrere,perquīsīvī,perquīsītum,III,,,
,perscrībō,perscrībere,perscrīpsī,perscrīptum,III,,,
,persecō,persecāre,persecāvī,persectum,I,,,
,persentiō,persentīre,persēnsī,persēnsum,IV,,,
,persequor,persequī,persecūtus sum,,III,Deponent,,
,persolvō,persolvere,persolvī,persolūtum,III,,,
,perspiciō,perspicere,perspēxī,perspectum,III-i,,,
,perspīrō,perspīrāre,perspīrāvī,perspīrātum,I,,,
,perstō,perstāre,perstitī,,I,,,
,persuādeō,persuādēre,persuāsī,persuāsum,II,,persuade,w/ Dative
,pertemptō,pertemptāre,pertemptāvī,pertemptātum,I,,,
,pertingō,pertingere,pertigī,pertāctum,III,,,
,perveniō,pervenīre,pervēnī,perventum,IV,,,
,pervincō,pervincere,pervīcī,pervictum,III,,,
,petō,petere,petīvī,petītum,III,,"seek, ask, look for",
,pleō,plēre,plēvī,plētum,II,,"fill, fill up",
,pluit,pluere,plūvit,,III,,rain,
,polliceor,pollicērī,pollicitus sum,,II,Deponent,promise,
,pōnō,pōnere,pōsuī,pōsitum,III,,"put, place, set",
,porrigō,porrigere,porrēxī,porrēctum,III,,,
,portō,portāre,portāvī,portātum,I,,carry,
,possideō,possidēre,possēdī,possessum,II,,,
,possum,posse,potuī,,Irregular,Active Only,be able,
,postscrībō,postscrībere,postscrīpsī,postscrīptum,III,,,
,potior,potīrī,potītus sum,,IV,Deponent,"obtain, get possession of",w/ Ablative
,potō,potāre,potāvī,potātum,I,,"drink, imbibe, drink spirits",
,praecipiō,praecipere,praecēpī,praeceptum,III-i,,,
,praedīcō,praedīcere,praedīxī,praedictum,III,,,"Pres. Act. Imperatives praedīc, praedīcite"
,praeferō,praeferre,praetulī,praelātum,Irregular,,,
,praeficiō,praeficere,praefēcī,praefectum,III-i,,,
,praegerō,praegerere,praegessī,praegestum,III,,,
,praehibeō,praehibēre,praehibuī,praehibitum,II,,,
,praeiuvō,praeiuvāre,praeiūvī,praeiūtum,I,,,
,praelūdō,praelūdere,praelūsī,praelūsum,III,,,
,praenūntiō,praenūntiāre,praenūntiāvī,praenūntiātum,I,,,
,praeripiō,praeripere,praeripuī,praereptum,III-i,,,
,praerogō,praerogāre,praerogāvī,praerogātum,I,,,
,praescrībō,praescrībere,praescrīpsī,praescrīptum,III,,,
,praesentiō,praesentīre,praesēnsī,praesēnsum,IV,,,
,praeservō,praeservāre,praeservāvī,praeservātum,I,,,
,praesideō,praesidēre,praesēdī,praesessum,II,,,
,praesipiō,praesipere,praesipuī,,III-i,Active only,,
,praestituō,praestituere,praestituī,praestitūtum,III,,,
,praestō,praestāre,praestitī,praestitum,I,,,
,praetemptō,praetemptāre,praetemptāvī,praetemptātum,I,,,
,praeveniō,praevenīre,praevēnī,praeventum,IV,,,
,praevolō,praevolāre,praevolāvī,praevolātum,I,,,
,praseum,praeesse,praefuī,praefutūrus,Irregular,Active Only,be in charge,w/ Dative
,precor,precārī,precātus sum,,I,Deponent,"pray, beg",
,prōcēdō,prōcēdere,prōcessī,prōcessum,III,,,
,prōcidō,prōcidere,prōcidī,,III,Active Only,,
,prōcīdō,prōcīdere,prōcīdī,prōcīsum,III,,,
,prōclāmō,prōclāmāre,prōclāmāvī,prōclāmātum,I,,,
,prōdīcō,prōdīcere,prōdīxī,prōdictum,III,,,"Pres. Act. Imperatives prōdīc, prōdīcite"
,prōdūcō,prōdūcere,prōdūxī,prōductum,III,,,
,prōfugiō,prōfugere,prōfūgī,prōfugitum,III-i,,,
,prōgredior,prōgredī,prōgressus sum,,III-i,Deponent,,
,prohibeō,prohibēre,prohibuī,prohibitum,II,,"prevent, prohibit (from)",
,prōlevō,prōlevāre,prōlevāvī,prōlevātum,I,,,
,prōloquor,prōloquī,prōlocūtus sum,,III,Deponent,,
,prōlūdō,prōlūdere,prōlūsī,prōlūsum,III,,,
,prōmittō,prōmittere,prōmīsī,prōmissum,III,,"send forth, promise",
,prōmittō,prōmittere,prōmīsī,prōmīssum,III,,,
,prōmōnstrō,prōmōnstrāre,prōmōnstrāvī,prōmōnstrātum,I,,,
,prōmoveō,prōmovēre,prōmōvī,prōmōtum,II,,,
,prōnūntiō,prōnūntiāre,prōnūntiāvī,prōnūntiātum,I,,,
,properō,properāre,properāvī,properātum,I,,hurry,
,prōpugnō,prōpugnāre,prōpugnāvī,prōpugnātum,I,,,
,prōrogō,prōrogāre,prōrogāvī,prōrogātum,I,,,
,proscrībō,prōscrībere,prōscrīpsī,prōscrīptum,III,,"proclaim, outlaw",
,prōscrībō,prōscrībere,prōscrīpsī,prōscrīptum,III,,,
,prōsentiō,prōsentīre,prōsēnsī,prōsēnsum,IV,,,
,prōsequor,prōsequī,prōsecūtus sum,,III,Deponent,,
,prōspiciō,prōspicere,prōspēxī,prōspectum,III-i,,,
,prōstituō,prōstituere,prōstituī,prōstitūtum,III,,,
,prōtestor,prōtestārī,prōtestātus sum,,I,Deponent,,
,prōtrahō,prōtrahere,prōtrāxī,prōtractum,III,,,
,prōveniō,prōvenīre,prōvēnī,prōventum,IV,,,
,prōvincō,prōvincere,prōvīcī,prōvictum,III,,,
,prōvocō,prōvocāre,prōvocāvī,prōvocātum,I,,,
,prōvolō,prōvolāre,prōvolāvī,prōvolātum,I,,,
,pugnō,pugnāre,pugnāvī,pugnātum,I,,fight,
,pūniō,pūnīre,pūnīvī,pūnītum,IV,,punish,
,putō,putāre,putāvī,putātum,I,,think,
,quaerō,quaerere,quaesīvī,quaestum,III,,"seek, ask, look for",
,quatiō,quatere,quassus sum,,III,Semi-Deponent,"hit, beat",
,queror,querī,questus sum,,III,Deponent,"complain, lament",
,quiescō,quiescere,quiēvī,quiētum,III,,"rest, be quiet",
,rabiō,rabere,rabuī,,III-i,,"rage, be mad",
,rapiō,rapere,rapuī,raptum,III-i,,"seize, pluck",
,recēdō,recēdere,recessī,recessum,III,,,
,recidō,recidere,recidī,,III,Active Only,,
,recīdō,recīdere,recīdī,recīsum,III,,,
,recipiō,recipere,recēpī,receptum,III-i,,,
,reclāmō,reclāmāre,reclāmāvī,reclāmātum,I,,,
,recurrō,recurrere,recurrī,recursum,III,,,
,recutiō,recutere,recussī,recussum,III-i,,,
,reddō,reddere,reddidī,redditum,III,,,
,redeō,redīre,redīvī,redītum,Irregular,Active Only,,Alternative third part rediī
,redūcō,redūcere,redūxī,reductum,III,,,
,referō,referre,rettulī,relātum,Irregular,,,
,reficiō,reficere,refēcī,refectum,III-i,,,
,reformō,reformāre,reformāvī,reformātum,I,,,
,refringō,refringere,refrēgī,refrāctum,III,,,
,refugiō,refugere,refūgī,refugitum,III-i,,,
,regerō,regerere,regessī,regestum,III,,,
,rēgō,rēgere,rēxī,rēctum,III,,"rule, set right",
,reiciō,reicere,reiēcī,reiectum,III,,,
,relevō,relevāre,relevāvī,relevātum,I,,,
,relocō,relocāre,relocāvī,relocātum,I,,,
,relūdō,relūdere,relūsī,relūsum,III,,,
,remaneō,remanēre,remānsī,remānsum,II,,,
,remittō,remittāre,remittāvī,remittātum,I,,,
,remittō,remittere,remīsī,remīssum,III,,,
,removeō,removēre,remōvī,remōtum,II,,,
,renōscō,renōscere,renōvī,renōtum,III,,,
,renovō,renovāre,renovāvī,renovātum,I,,"renew, renovate",
,renūntiō,renūntiāre,renūntiāvī,renūntiātum,I,,,
,reor,rērī,ratus sum,,II,Deponent,"reckon, calculate",
,repellō,repellere,repulī,repulsum,III,,,
,repetō,repetere,repetīvī,repetītum,III,,,
,repleō,replēre,replēvī,replētum,II,,,
,repōnō,repōnere,reposuī,repositum,III,,,
,reportō,reportāre,reportāvī,reportātum,I,,,
,repugnō,repugnāre,repugnāvī,repugnātum,I,,,
,reputō,reputāre,reputāvī,reputātum,I,,,
,requīrō,requīrere,requīsīvī,requīsītum,III,,,
,resecō,resecāre,resecāvī,resectum,I,,,
,resequor,resequī,resecūtus sum,,III,Deponent,,
,reservō,reservāre,reservāvī,reservātum,I,,,
,resideō,residēre,resēdī,resessum,II,,,
,resipiō,resipere,resipuī,,III-i,Active only,,
,resolvō,resolvere,resolvī,resolūtum,III,,,
,respectō,respectāre,respectāvī,respectātum,I,,,
,respīrō,respīrāre,respīrāvī,respīrātum,I,,,
,respondeō,respondēre,respondī,respōnsum,II,,"respond, reply",
,restituō,restituere,restituī,restitūtum,III,,,
,restō,restāre,restitī,,I,,,
,restruō,restruere,restrūxī,restrūctum,III,,,
,reticeō,reticēre,reticuī,,II,Active only,,
,retrahō,retrahere,retrāxī,retractum,III,,,
,reūtor,reūtī,reūsus sum,,III,Deponent,,w/ Ablative
,reveniō,revenīre,revēnī,reventum,IV,,,
,revertō,revertere,revertī,reversum,III,,,
,revincō,revincere,revīcī,revictum,III,,,
,revocō,revocāre,revocāvī,revocātum,I,,,
,revolvō,revolvere,revolvī,revolūtum,III,,,
,rideō,ridēre,rīsī,rīsum,II,,"laugh, laugh at, ridicule",
,rogō,rogāre,rogāvī,rogātum,I,,"ask, question",
,saltō,saltāre,saltāvī,saltātum,I,,"jump, leap, dance",
,salūtō,salūtāre,salūtāvī,salūtātum,I,,"greet, salute",
,sapiō,sapere,sapuī,,III-i,Active Only,"be wise, have flavor",
,sarciō,sarcīre,sarsī,sartum,IV,,mend,
,scandō,scandere,scandī,scansum,III,,climb,
,scindō,scindere,scīdī,scissum,III,,"cut, tear",
,scrībō,scrībere,scrīpsī,scrīptum,III,,write,
,secō,secāre,sēcāvī,sectum,I,,"cut, cut off, divide",
,sēcrēscō,sēcrēscere,sēcrēvī,sēcrētum,III,,,
,sedeō,sedēre,sēdī,sessum,II,,"sit, sit down",
,sēdūcō,sēdūcere,sēdūxī,sēductum,III,,,
,sēgregō,sēgregāre,sēgregāvī,sēgregātum,I,,,
,sēligō,sēligere,sēlēgī,sēlēctum,III,,,
,sentiō,sentīre,sēnsī,sēnsum,IV,,"feel, sense",
,sequor,sequī,secūtus sum,,III,Deponent,follow,
,serō,serere,sēvī,satum,III,,"sow, plant",
,serviō,servīre,servīvī,servītum,IV,,"serve, be a servant (to)",w/ Dative
,servō,servāre,servāvī,servātum,I,,"keep, guard",
,soleō,solēre,soluī,solitum,II,,be accustomed,
,solvō,solvere,solvī,solūtum,III,,"loosen, free up, set free",
,sortior,sortīrī,sortītus sum,,IV,Deponent,draw lots,
,spargō,spargere,sparsī,sparsum,III,,scatter,
,spectō,spectāre,spectāvī,spectātum,I,,"watch, look at",
,spērō,spērāre,spērāvī,spērātum,I,,hope,
,spīrō,spīrāre,spīrāvī,spīrātum,I,,breathe,
,statuō,statuere,statuī,statūtum,III,,"set up, determine",
,sternuō,sternuere,sternuī,,III,,sneeze,
,stō,stāre,stetī,stātum,I,,stand,
,struō,struere,strūxī,strūctum,III,,"build, pile up",
,studeō,studēre,studuī,,II,,"be enthused about, study",w/ Dative
,suādeō,suādēre,suāsī,suāsum,II,,persuade,w/ Dative
,subeō,subīre,subīvī,subītum,Irregular,Active Only,,Alternative third part subiī
,subiaceō,subiacēre,subiacuī,subiacitum,II,,,
,subiciō,subicere,subiēcī,subiectum,III,,,
,subiungō,subiungere,subiunxī,subiunctum,III,,,
,subiūrō,subiūrāre,subiūrāvī,subiūrātum,I,,,
,submittō,submittere,submīsī,submīssum,III,,,
,subrideō,subridēre,subrīsī,subrīsum,II,,,
,subrogō,subrogāre,subrogāvī,subrogātum,I,,,
,subscrībō,subscrībere,subscrīpsī,subscrīptum,III,,,
,subsecō,subsecāre,subsecāvī,subsectum,I,,,
,subsentiō,subsentīre,subsēnsī,subsēnsum,IV,,,
,subsequor,subsequī,subsecūtus sum,,III,Deponent,,
,substituō,substituere,substituī,substitūtum,III,,,
,substruō,substruere,substrūxī,substrūctum,III,,,
,subterfugiō,subterfugere,subterfūgī,subterfugitum,III-i,,,
,subtrahō,subtrahere,subtrāxī,subtractum,III,,,
,subvehō,subvehere,subvexī,subvectum,III,,,
,subvertō,subvertere,subvertī,subversum,III,,,
,subvolō,subvolāre,subvolāvī,,I,Active only,,
,subvolvō,subvolvere,subvolvī,subvolūtum,III,,,
,succēdō,succēdere,successī,successum,III,,,
,succidō,succidere,succidī,,III,Active Only,,
,succīdō,succīdere,succīdī,succīsum,III,,,
,succurrō,succidere,succurrī,succursum,III,,,
,sufferō,sufferre,subtulī,sublātum,Irregular,,,
,sufficiō,sufficere,suffēcī,suffectum,III-i,,,
,suffugiō,suffugere,suffūgī,suffugitum,III-i,,,
,suggerō,suggerere,suggessī,suggestum,III,,,
,sum,esse,fuī,futūrus,Irregular,Active Only,be,
,superdīcō,superdīcere,superdīxī,superdictum,III,,,"Pres. Act. Imperatives superdīc, superdīcite"
,superiaceō,superiacēre,superiacuī,superiacitum,II,,,
,superō,superāre,superāvī,superātum,I,,"conquer, overcome",
,supersedeō,supersedēre,supersēdī,supersessum,II,,,
,superstō,superstāre,superstetī,,I,,,
,suppetō,suppetere,suppetīvī,suppetītum,III,,,
,suppleō,supplēre,supplēvī,supplētum,II,,,
,supplicō,supplicāre,supplicāvī,supplicātum,I,,"fold under, bend the knee, plead",
,suppōnō,suppōnere,supposuī,suppositum,III,,,
,supportō,supportāre,supportāvī,supportātum,I,,,
,surgō,surgere,surrēxī,surrēctum,III,,,
,surripiō,surripere,surripuī,surreptum,III-i,,,
,suscipiō,suscipere,suscēpī,susceptum,III-i,,undertake,
,suspiciō,suspicere,suspēxī,suspectum,III-i,,,
,susspīrō,susspīrāre,susspīrāvī,susspīrātum,I,,,
,taceō,tacēre,tacuī,tacitum,II,,be silent,
,tangō,tangere,tetigī,tactum,III,,touch,
,temptō,temptāre,temptāvī,temptātum,I,,"try, tempt, test",
,teneō,tenēre,tenuī,tentum,II,,"hold, have",
,terreō,terrēre,terruī,territum,II,,frighten,
,testor,testārī,testātus sum,,I,Deponent,bear witness,
,timeō,timēre,timuī,,II,,fear,
,tondeō,tondēre,totondī,tōnsum,II,,"shave, mow",
,tonō,tonāre,tonuī,tonitum,I,,thunder,
,torqueō,torquēre,tōrsī,tortum,II,,twist,
,trādō,trādere,trādidī,trāditum,III,,"hand over, surrender, hand down",
,trahō,trahere,trāxī,trāctum,III,,"draw, drag, pull",
,trānscrībō,trānscrībere,trānscrīpsī,trānscrīptum,III,,,
,trānsdūcō,trānsdūcere,trānsdūxī,trānsductum,III,,,
,trānseō,trānsīre,trānsīvī,trānsītum,Irregular,Active Only,,Alternative third part trānsiī
,trānsferō,trānsferre,trānstulī,trānslātum,Irregular,,,
,trānsformō,trānsformāre,trānsformāvī,trānsformātum,I,,,
,trānsgredior,trānsgredī,trānsgressus sum,,III-i,Deponent,,
,trānsmittō,trānsmittere,trānsmīsī,trānsmīssum,III,,,
,trānspāreō,trānspārēre,trānspāruī,trānspāritum,II,Active only,,
,trānspīrō,trānspīrāre,trānspīrāvī,trānspīrātum,I,,,
,trānspōnō,trānspōnere,trānsposuī,trānspositum,III,,,
,trānsportō,trānsportāre,trānsportāvī,trānsportātum,I,,,
,trānsvehō,trānsvehere,trānsvexī,trānsvectum,III,,,
,trānsvertō,trānsvertere,trānsvertī,trānsversum,III,,,
,trānsvolō,trānsvolāre,trānsvolāvī,trānsvolātum,I,,,
,tueor,tuērī,tūtus sum,,II,Deponent,"watch after, protect",
,tussiō,tussīre,,,IV,,cough,
,ulcīscor,ulcīscī,ultus sum,,III,Deponent,avenge,
,ūtor,ūtī,ūsus sum,,III,Deponent,"use, put to use",w/ Ablative
,vagor,vagārī,vagātus sum,,I,Deponent,"wander, roam",
,valeō,valēre,valuī,valitum,II,,"be well, fare well",
,vastō,vastāre,vastāvī,vastātum,I,,"destroy, waste",
,vehō,vehere,vexī,vectum,III,,"convey, transport",
,veniō,venīre,vēnī,ventum,IV,,come,
,vereor,verērī,veritus sum,,II,Deponent,"fear, respect",
,vertō,vertere,vertī,versum,III,,turn,
,vēscor,vēscī,,,III,Deponent,feed upon,w/ Ablative
,vetō,vetāre,vetuī,vetitum,I,,forbid,
,videō,vidēre,vīdī,vīsum,II,,see,
,videor,vidērī,vīsus sum,,II,Deponent,"seem, be seen",
,vinciō,vincīre,vīnxī,vinctum,IV,,"bind, chain up",
,vincō,vincere,vīcī,victum,III,,"conquer, defeat",
,violō,violāre,violāvī,violātum,I,,"violate, commit violence against",
,vīvō,vīvere,vīxī,vīctum,III,,"live, be alive",
,vocō,vocāre,vocāvī,vocātum,I,,"call, call out",
,volō,velle,voluī,,Irregular,Active Only,"want, wish",
,volō,volāre,volāvī,volātum,I,,fly,
,volvō,volvere,volvī,volūtum,III,,"turn, roll",
,vulnerō,vulnerāre,vulnerāvī,vulnerātum,I,,wound,